-- phpMyAdmin SQL Dump
-- version 4.3.8
-- http://www.phpmyadmin.net
--
-- Host: localhost
-- Generation Time: Jul 17, 2017 at 04:45 PM
-- Server version: 5.5.51-38.2
-- PHP Version: 5.6.20

SET SQL_MODE = "NO_AUTO_VALUE_ON_ZERO";
SET time_zone = "+00:00";


/*!40101 SET @OLD_CHARACTER_SET_CLIENT=@@CHARACTER_SET_CLIENT */;
/*!40101 SET @OLD_CHARACTER_SET_RESULTS=@@CHARACTER_SET_RESULTS */;
/*!40101 SET @OLD_COLLATION_CONNECTION=@@COLLATION_CONNECTION */;
/*!40101 SET NAMES utf8 */;

--
-- Database: `thewebs2_bkwadrat`
--

-- --------------------------------------------------------

--
-- Table structure for table `activity_log`
--

CREATE TABLE IF NOT EXISTS `activity_log` (
  `id` int(10) unsigned NOT NULL,
  `user_id` int(11) DEFAULT NULL,
  `text` varchar(255) COLLATE utf8_unicode_ci NOT NULL,
  `ip_address` varchar(64) COLLATE utf8_unicode_ci NOT NULL,
  `created_at` timestamp NOT NULL DEFAULT '0000-00-00 00:00:00',
  `updated_at` timestamp NOT NULL DEFAULT '0000-00-00 00:00:00'
) ENGINE=InnoDB AUTO_INCREMENT=839 DEFAULT CHARSET=utf8 COLLATE=utf8_unicode_ci;

--
-- Dumping data for table `activity_log`
--

INSERT INTO `activity_log` (`id`, `user_id`, `text`, `ip_address`, `created_at`, `updated_at`) VALUES
(503, 1, 'Page(31) ''Home'' was created', '::1', '2017-06-12 18:02:40', '2017-06-12 18:02:40'),
(504, 1, 'Page(31) ''Home'' was updated', '::1', '2017-06-12 18:02:41', '2017-06-12 18:02:41'),
(505, 1, 'Page(1) ''Home'' was created', '::1', '2017-06-12 18:16:28', '2017-06-12 18:16:28'),
(506, 1, 'Page(1) ''Home'' was updated', '::1', '2017-06-12 18:16:28', '2017-06-12 18:16:28'),
(507, 1, 'Page(2) ''Organisatie'' was created', '::1', '2017-06-12 18:17:25', '2017-06-12 18:17:25'),
(508, 1, 'Page(2) ''Organisatie'' was updated', '::1', '2017-06-12 18:17:26', '2017-06-12 18:17:26'),
(509, 1, 'Page(3) ''Interieuropbouw'' was created', '::1', '2017-06-12 18:20:38', '2017-06-12 18:20:38'),
(510, 1, 'Page(3) ''Interieuropbouw'' was updated', '::1', '2017-06-12 18:20:39', '2017-06-12 18:20:39'),
(511, 1, 'Page(4) ''Service'' was created', '::1', '2017-06-12 18:21:33', '2017-06-12 18:21:33'),
(512, 1, 'Page(4) ''Service'' was updated', '::1', '2017-06-12 18:21:33', '2017-06-12 18:21:33'),
(513, 1, 'Page(5) ''Projecten'' was created', '::1', '2017-06-12 18:23:36', '2017-06-12 18:23:36'),
(514, 1, 'Page(5) ''Projecten'' was updated', '::1', '2017-06-12 18:23:36', '2017-06-12 18:23:36'),
(515, 1, 'Page(6) ''Contacts'' was created', '::1', '2017-06-12 18:28:00', '2017-06-12 18:28:00'),
(516, 1, 'Page(6) ''Contacts'' was updated', '::1', '2017-06-12 18:28:00', '2017-06-12 18:28:00'),
(517, 1, 'Block(1) ''video home'' was created', '::1', '2017-06-12 18:31:29', '2017-06-12 18:31:29'),
(518, 1, 'Block(1) ''video home'' was updated', '::1', '2017-06-12 18:31:29', '2017-06-12 18:31:29'),
(519, 1, 'Block(2) ''Organisatie'' was created', '::1', '2017-06-12 18:32:03', '2017-06-12 18:32:03'),
(520, 1, 'Block(2) ''Organisatie'' was updated', '::1', '2017-06-12 18:32:03', '2017-06-12 18:32:03'),
(521, 1, 'Block(3) ''interieur opbouw'' was created', '::1', '2017-06-12 18:35:38', '2017-06-12 18:35:38'),
(522, 1, 'Block(3) ''interieur opbouw'' was updated', '::1', '2017-06-12 18:35:38', '2017-06-12 18:35:38'),
(523, 1, 'Block(4) ''Projecten'' was created', '::1', '2017-06-12 18:36:07', '2017-06-12 18:36:07'),
(524, 1, 'Block(4) ''Projecten'' was updated', '::1', '2017-06-12 18:36:07', '2017-06-12 18:36:07'),
(525, 1, 'Block(5) ''lorensum home button'' was created', '::1', '2017-06-12 18:36:43', '2017-06-12 18:36:43'),
(526, 1, 'Block(5) ''lorensum home button'' was updated', '::1', '2017-06-12 18:36:43', '2017-06-12 18:36:43'),
(527, 1, 'Block(6) ''B-Kwardat'' was created', '::1', '2017-06-12 18:37:15', '2017-06-12 18:37:15'),
(528, 1, 'Block(6) ''B-Kwardat'' was updated', '::1', '2017-06-12 18:37:15', '2017-06-12 18:37:15'),
(529, 1, 'Image ''img-home.jpg'' uploaded with a size of: 70192', '::1', '2017-06-13 04:49:48', '2017-06-13 04:49:48'),
(530, 1, 'Banner(1) ''lorem ipsum dolor sit amet '' was created', '::1', '2017-06-14 02:05:02', '2017-06-14 02:05:02'),
(531, 1, 'Banner(1) ''lorem ipsum dolor sit amet '' was updated', '::1', '2017-06-14 02:05:17', '2017-06-14 02:05:17'),
(532, 1, 'Image ''banner-home.jpg'' uploaded with a size of: 252258', '::1', '2017-06-14 02:06:22', '2017-06-14 02:06:22'),
(533, 1, 'Block(7) ''play video'' was created', '::1', '2017-06-14 02:14:21', '2017-06-14 02:14:21'),
(534, 1, 'Block(7) ''play video'' was updated', '::1', '2017-06-14 02:14:21', '2017-06-14 02:14:21'),
(535, 1, 'Block(7) ''play video'' was updated', '::1', '2017-06-14 02:16:17', '2017-06-14 02:16:17'),
(536, 1, 'Block(7) ''play video'' was updated', '::1', '2017-06-14 02:21:55', '2017-06-14 02:21:55'),
(537, 1, 'Block(2) ''Organisatie'' was updated', '::1', '2017-06-14 02:38:24', '2017-06-14 02:38:24'),
(538, 1, 'Block(2) ''Organisatie'' was updated', '::1', '2017-06-14 02:38:48', '2017-06-14 02:38:48'),
(539, 1, 'Image ''article-1.jpg'' uploaded with a size of: 30727', '::1', '2017-06-14 02:39:18', '2017-06-14 02:39:18'),
(540, 1, 'Block(3) ''interieur opbouw'' was updated', '::1', '2017-06-14 02:47:20', '2017-06-14 02:47:20'),
(541, 1, 'Block(4) ''Projecten'' was updated', '::1', '2017-06-14 02:47:26', '2017-06-14 02:47:26'),
(542, 1, 'Image ''article-1.jpg'' uploaded with a size of: 30727', '::1', '2017-06-14 02:47:48', '2017-06-14 02:47:48'),
(543, 1, 'Image ''article-3.jpg'' uploaded with a size of: 28372', '::1', '2017-06-14 02:49:20', '2017-06-14 02:49:20'),
(544, 1, 'Block(5) ''lorensum home button'' was updated', '::1', '2017-06-14 02:50:40', '2017-06-14 02:50:40'),
(545, 1, 'Image ''img-home.jpg'' uploaded with a size of: 70192', '::1', '2017-06-14 02:51:26', '2017-06-14 02:51:26'),
(546, 1, 'Block(5) ''lorensum home button'' was updated', '::1', '2017-06-14 02:51:32', '2017-06-14 02:51:32'),
(547, 1, 'Page(1) ''Home'' was updated', '::1', '2017-06-14 03:00:06', '2017-06-14 03:00:06'),
(548, 1, 'Page(2) ''Organisatie'' was updated', '::1', '2017-06-14 03:00:09', '2017-06-14 03:00:09'),
(549, 1, 'Page(3) ''Interieuropbouw'' was updated', '::1', '2017-06-14 03:00:10', '2017-06-14 03:00:10'),
(550, 1, 'Page(4) ''Service'' was updated', '::1', '2017-06-14 03:00:12', '2017-06-14 03:00:12'),
(551, 1, 'Page(5) ''Projecten'' was updated', '::1', '2017-06-14 03:00:13', '2017-06-14 03:00:13'),
(552, 1, 'Page(6) ''Contacts'' was updated', '::1', '2017-06-14 03:00:14', '2017-06-14 03:00:14'),
(553, 1, 'Block(6) ''B-Kwardat'' was updated', '::1', '2017-06-14 03:00:41', '2017-06-14 03:00:41'),
(554, 1, 'Block(6) ''B-Kwardat'' was updated', '::1', '2017-06-14 03:02:30', '2017-06-14 03:02:30'),
(555, 1, 'Image ''banner-org.jpg'' uploaded with a size of: 104336', '::1', '2017-06-14 14:09:53', '2017-06-14 14:09:53'),
(556, 1, 'Page(2) ''organisatie'' was updated', '::1', '2017-06-14 14:09:58', '2017-06-14 14:09:58'),
(557, 1, 'Image ''banner-service.jpg'' uploaded with a size of: 116382', '::1', '2017-06-14 14:12:01', '2017-06-14 14:12:01'),
(558, 1, 'Page(3) ''Interieuropbouw'' was updated', '::1', '2017-06-14 14:12:09', '2017-06-14 14:12:09'),
(559, 1, 'Image ''banner-service.jpg'' uploaded with a size of: 116382', '::1', '2017-06-14 14:13:31', '2017-06-14 14:13:31'),
(560, 1, 'Page(4) ''Service'' was updated', '::1', '2017-06-14 14:13:33', '2017-06-14 14:13:33'),
(561, 1, 'Page(7) ''lorem ipsum1'' was created', '::1', '2017-06-14 14:27:33', '2017-06-14 14:27:33'),
(562, 1, 'Page(7) ''lorem ipsum1'' was updated', '::1', '2017-06-14 14:27:33', '2017-06-14 14:27:33'),
(563, 1, 'Page(7) ''lorem ipsum1'' was updated', '::1', '2017-06-14 14:27:34', '2017-06-14 14:27:34'),
(564, 1, 'Page(8) ''lorem ipsum2'' was created', '::1', '2017-06-14 14:28:22', '2017-06-14 14:28:22'),
(565, 1, 'Page(8) ''lorem ipsum2'' was updated', '::1', '2017-06-14 14:28:22', '2017-06-14 14:28:22'),
(566, 1, 'Page(8) ''lorem ipsum2'' was updated', '::1', '2017-06-14 14:28:22', '2017-06-14 14:28:22'),
(567, 1, 'Page(7) ''lorem ipsum1'' was updated', '::1', '2017-06-14 14:28:28', '2017-06-14 14:28:28'),
(568, 1, 'Page(8) ''lorem ipsum2'' was updated', '::1', '2017-06-14 14:28:33', '2017-06-14 14:28:33'),
(569, 1, 'Image ''img-org-1.jpg'' uploaded with a size of: 76118', '::1', '2017-06-14 14:30:18', '2017-06-14 14:30:18'),
(570, 1, 'Page(7) ''lorem ipsum1'' was updated', '::1', '2017-06-14 14:30:21', '2017-06-14 14:30:21'),
(571, 1, 'Image ''img-org-2.jpg'' uploaded with a size of: 121928', '::1', '2017-06-14 14:31:23', '2017-06-14 14:31:23'),
(572, 1, 'Page(8) ''lorem ipsum2'' was updated', '::1', '2017-06-14 14:31:27', '2017-06-14 14:31:27'),
(573, 1, 'Page(9) ''Interieurop bouw'' was created', '::1', '2017-06-14 14:33:03', '2017-06-14 14:33:03'),
(574, 1, 'Page(9) ''Interieurop bouw'' was updated', '::1', '2017-06-14 14:33:04', '2017-06-14 14:33:04'),
(575, 1, 'Page(9) ''Interieurop bouw'' was updated', '::1', '2017-06-14 14:33:04', '2017-06-14 14:33:04'),
(576, 1, 'Page(10) ''lorem ipsum'' was created', '::1', '2017-06-14 14:34:01', '2017-06-14 14:34:01'),
(577, 1, 'Page(10) ''lorem ipsum'' was updated', '::1', '2017-06-14 14:34:01', '2017-06-14 14:34:01'),
(578, 1, 'Page(10) ''lorem ipsum'' was updated', '::1', '2017-06-14 14:34:02', '2017-06-14 14:34:02'),
(579, 1, 'Image ''img-Interieurbouw-1.jpg'' uploaded with a size of: 64844', '::1', '2017-06-14 14:34:50', '2017-06-14 14:34:50'),
(580, 1, 'Page(9) ''Interieurop bouw'' was updated', '::1', '2017-06-14 14:34:56', '2017-06-14 14:34:56'),
(581, 1, 'Image ''img-home.jpg'' uploaded with a size of: 70192', '::1', '2017-06-14 14:35:37', '2017-06-14 14:35:37'),
(582, 1, 'Page(10) ''lorem ipsum'' was updated', '::1', '2017-06-14 14:35:39', '2017-06-14 14:35:39'),
(583, 1, 'Page(9) ''Interieurop bouw'' was updated', '::1', '2017-06-14 14:35:47', '2017-06-14 14:35:47'),
(584, 1, 'Page(10) ''lorem ipsum'' was updated', '::1', '2017-06-14 14:35:48', '2017-06-14 14:35:48'),
(585, 1, 'Page(11) ''lorem ipsum1'' was created', '::1', '2017-06-14 14:37:03', '2017-06-14 14:37:03'),
(586, 1, 'Page(11) ''lorem ipsum1'' was updated', '::1', '2017-06-14 14:37:03', '2017-06-14 14:37:03'),
(587, 1, 'Page(11) ''lorem ipsum1'' was updated', '::1', '2017-06-14 14:37:04', '2017-06-14 14:37:04'),
(588, 1, 'Page(12) ''lorem ipsum2'' was created', '::1', '2017-06-14 14:37:48', '2017-06-14 14:37:48'),
(589, 1, 'Page(12) ''lorem ipsum2'' was updated', '::1', '2017-06-14 14:37:48', '2017-06-14 14:37:48'),
(590, 1, 'Page(12) ''lorem ipsum2'' was updated', '::1', '2017-06-14 14:37:49', '2017-06-14 14:37:49'),
(591, 1, 'Page(11) ''lorem ipsum1'' was updated', '::1', '2017-06-14 14:38:02', '2017-06-14 14:38:02'),
(592, 1, 'Page(12) ''lorem ipsum2'' was updated', '::1', '2017-06-14 14:38:03', '2017-06-14 14:38:03'),
(593, 1, 'Image ''img-service-1.jpg'' uploaded with a size of: 89025', '::1', '2017-06-14 14:38:28', '2017-06-14 14:38:28'),
(594, 1, 'Page(11) ''lorem ipsum1'' was updated', '::1', '2017-06-14 14:38:30', '2017-06-14 14:38:30'),
(595, 1, 'Image ''img-service-2.jpg'' uploaded with a size of: 103357', '::1', '2017-06-14 14:39:04', '2017-06-14 14:39:04'),
(596, 1, 'Page(12) ''lorem ipsum2'' was updated', '::1', '2017-06-14 14:39:09', '2017-06-14 14:39:09'),
(597, 1, 'Block(7) ''play video'' was updated', '::1', '2017-06-15 15:15:09', '2017-06-15 15:15:09'),
(598, 1, 'Block(1) ''video home'' was updated', '::1', '2017-06-15 15:40:27', '2017-06-15 15:40:27'),
(599, 1, 'Image ''article-1.jpg'' uploaded with a size of: 30727', '::1', '2017-06-15 15:44:01', '2017-06-15 15:44:01'),
(600, 1, 'Block(1) ''B-kwadrat IN 60 SECONDEN'' was updated', '::1', '2017-06-15 15:46:08', '2017-06-15 15:46:08'),
(601, 1, 'Block(1) ''B-kwadrat IN 60 SECONDEN'' was updated', '::1', '2017-06-15 15:48:58', '2017-06-15 15:48:58'),
(602, 1, 'Block(1) ''B-kwadrat IN 60 SECONDEN'' was updated', '::1', '2017-06-15 15:56:50', '2017-06-15 15:56:50'),
(603, 1, 'Image ''banner-contact.jpg'' uploaded with a size of: 139042', '::1', '2017-06-16 06:33:17', '2017-06-16 06:33:17'),
(604, 1, 'News(2) ''address'' - ''B-Kwadraat BV  Protonweg 19'' was updated', '::1', '2017-06-16 14:11:01', '2017-06-16 14:11:01'),
(605, 1, 'News(5) ''email'' - ''info@b-kwadraat.nl'' was updated', '::1', '2017-06-16 14:11:02', '2017-06-16 14:11:02'),
(606, 1, 'News(6) ''phone'' - ''+31(0)229 21 11 12'' was updated', '::1', '2017-06-16 14:11:02', '2017-06-16 14:11:02'),
(607, 1, 'News(8) ''coc'' - ''06-54204168'' was updated', '::1', '2017-06-16 14:11:02', '2017-06-16 14:11:02'),
(608, 1, 'News(14) ''gm_lat'' - ''52.641307'' was updated', '::1', '2017-06-16 14:12:46', '2017-06-16 14:12:46'),
(609, 1, 'News(15) ''gm_long'' - ''5.0934643'' was updated', '::1', '2017-06-16 14:12:47', '2017-06-16 14:12:47'),
(610, 1, 'News(16) ''facebook'' - ''https://www.facebook.com/b-kwardat'' was updated', '::1', '2017-06-16 14:16:35', '2017-06-16 14:16:35'),
(611, 1, 'News(17) ''twitter'' - ''https://twitter.com/b-kwardat'' was updated', '::1', '2017-06-16 14:16:35', '2017-06-16 14:16:35'),
(612, 1, 'News(20) ''instagram'' - ''http://instagram.com/b-kwardat'' was updated', '::1', '2017-06-16 14:16:35', '2017-06-16 14:16:35'),
(613, 1, 'News(19) ''youtube'' - ''https://www.youtube.com/channel/UCW6wlk-BeoiMXxVyJ6mhAiA'' was updated', '::1', '2017-06-16 14:16:35', '2017-06-16 14:16:35'),
(614, 1, 'Project#(40) ''test'' was deleted', '::1', '2017-06-18 00:23:02', '2017-06-18 00:23:02'),
(615, 1, 'Project#(0) ''GSTAR'' was created', '::1', '2017-06-18 00:29:04', '2017-06-18 00:29:04'),
(616, 1, 'Project#(0) ''GSTAR'' was updated', '::1', '2017-06-18 00:29:04', '2017-06-18 00:29:04'),
(617, 1, 'Project#(2) ''GSTAR'' was created', '::1', '2017-06-18 00:33:17', '2017-06-18 00:33:17'),
(618, 1, 'Project#(2) ''GSTAR'' was updated', '::1', '2017-06-18 00:33:17', '2017-06-18 00:33:17'),
(619, 1, 'Project#(2) ''GSTAR'' was deleted', '::1', '2017-06-18 00:33:33', '2017-06-18 00:33:33'),
(620, 1, 'Project#(3) ''testtt'' was created', '::1', '2017-06-18 00:34:43', '2017-06-18 00:34:43'),
(621, 1, 'Project#(3) ''testtt'' was updated', '::1', '2017-06-18 00:34:43', '2017-06-18 00:34:43'),
(622, 1, 'Project#(3) ''testtt'' was deleted', '::1', '2017-06-18 00:34:58', '2017-06-18 00:34:58'),
(623, 1, 'Page(5) ''Projecten'' was updated', '::1', '2017-06-18 00:35:53', '2017-06-18 00:35:53'),
(624, 1, 'Block(8) ''Page Projecten'' was created', '::1', '2017-06-18 00:51:57', '2017-06-18 00:51:57'),
(625, 1, 'Block(8) ''Page Projecten'' was updated', '::1', '2017-06-18 00:51:58', '2017-06-18 00:51:58'),
(626, 1, 'Project#(4) ''GSTAR'' was created', '::1', '2017-06-18 00:54:41', '2017-06-18 00:54:41'),
(627, 1, 'Project#(4) ''GSTAR'' was updated', '::1', '2017-06-18 00:54:41', '2017-06-18 00:54:41'),
(628, 1, 'User(1) ''Guus'' was updated', '::1', '2017-06-18 01:13:10', '2017-06-18 01:13:10'),
(629, 1, 'User(1) ''Guus'' was updated', '::1', '2017-06-18 01:19:36', '2017-06-18 01:19:36'),
(630, 1, 'Project#(4) ''GSTAR'' was updated', '::1', '2017-06-18 01:19:55', '2017-06-18 01:19:55'),
(631, 1, 'Image ''img-home.jpg'' uploaded with a size of: 70192', '::1', '2017-06-18 01:22:59', '2017-06-18 01:22:59'),
(632, 1, 'Image ''img-contact.jpg'' uploaded with a size of: 107641', '::1', '2017-06-18 01:22:59', '2017-06-18 01:22:59'),
(633, 1, 'Image ''img-project-4.jpg'' uploaded with a size of: 44028', '::1', '2017-06-18 01:22:59', '2017-06-18 01:22:59'),
(634, 1, 'Image ''img-Interieurbouw-1.jpg'' uploaded with a size of: 64844', '::1', '2017-06-18 01:22:59', '2017-06-18 01:22:59'),
(635, 1, 'Image ''img-org-1.jpg'' uploaded with a size of: 76118', '::1', '2017-06-18 01:22:59', '2017-06-18 01:22:59'),
(636, 1, 'Image ''img-org-2.jpg'' uploaded with a size of: 121928', '::1', '2017-06-18 01:23:00', '2017-06-18 01:23:00'),
(637, 1, 'Image ''img-service-1.jpg'' uploaded with a size of: 89025', '::1', '2017-06-18 01:23:01', '2017-06-18 01:23:01'),
(638, 1, 'Image ''img-service-2.jpg'' uploaded with a size of: 103357', '::1', '2017-06-18 01:23:01', '2017-06-18 01:23:01'),
(639, 1, 'Project#(4) ''GSTAR'' was updated', '::1', '2017-06-18 01:23:25', '2017-06-18 01:23:25'),
(640, 1, 'Project#(5) ''Project 2'' was created', '::1', '2017-06-18 01:24:06', '2017-06-18 01:24:06'),
(641, 1, 'Project#(5) ''Project 2'' was updated', '::1', '2017-06-18 01:24:07', '2017-06-18 01:24:07'),
(642, 1, 'Project#(5) ''Project 2'' was updated', '::1', '2017-06-18 01:24:12', '2017-06-18 01:24:12'),
(643, 1, 'Image ''img-contact.jpg'' uploaded with a size of: 107641', '::1', '2017-06-18 01:24:40', '2017-06-18 01:24:40'),
(644, 1, 'Image ''img-org-2.jpg'' uploaded with a size of: 121928', '::1', '2017-06-18 01:24:40', '2017-06-18 01:24:40'),
(645, 1, 'Image ''img-home.jpg'' uploaded with a size of: 70192', '::1', '2017-06-18 01:24:41', '2017-06-18 01:24:41'),
(646, 1, 'Image ''img-Interieurbouw-1.jpg'' uploaded with a size of: 64844', '::1', '2017-06-18 01:24:41', '2017-06-18 01:24:41'),
(647, 1, 'Image ''img-project-1.jpg'' uploaded with a size of: 34918', '::1', '2017-06-18 01:24:41', '2017-06-18 01:24:41'),
(648, 1, 'Image ''img-org-1.jpg'' uploaded with a size of: 76118', '::1', '2017-06-18 01:24:41', '2017-06-18 01:24:41'),
(649, 1, 'Image ''img-project-2.jpg'' uploaded with a size of: 23938', '::1', '2017-06-18 01:24:43', '2017-06-18 01:24:43'),
(650, 1, 'Image ''img-project-3.jpg'' uploaded with a size of: 15508', '::1', '2017-06-18 01:24:43', '2017-06-18 01:24:43'),
(651, 1, 'Project#(5) ''Project 2'' was updated', '::1', '2017-06-18 01:25:00', '2017-06-18 01:25:00'),
(652, 1, 'Project#(5) ''Project 2'' was updated', '::1', '2017-06-18 01:25:29', '2017-06-18 01:25:29'),
(653, 1, 'Project#(6) ''ASCIS SHOP'' was created', '::1', '2017-06-18 01:26:15', '2017-06-18 01:26:15'),
(654, 1, 'Project#(6) ''ASCIS SHOP'' was updated', '::1', '2017-06-18 01:26:15', '2017-06-18 01:26:15'),
(655, 1, 'Project#(6) ''ASCIS SHOP'' was updated', '::1', '2017-06-18 01:26:20', '2017-06-18 01:26:20'),
(656, 1, 'Image ''img-project-2.jpg'' uploaded with a size of: 23938', '::1', '2017-06-18 01:26:43', '2017-06-18 01:26:43'),
(657, 1, 'Image ''img-project-5.jpg'' uploaded with a size of: 38276', '::1', '2017-06-18 01:26:44', '2017-06-18 01:26:44'),
(658, 1, 'Image ''img-project-3.jpg'' uploaded with a size of: 15508', '::1', '2017-06-18 01:26:44', '2017-06-18 01:26:44'),
(659, 1, 'Image ''img-project-1.jpg'' uploaded with a size of: 34918', '::1', '2017-06-18 01:26:44', '2017-06-18 01:26:44'),
(660, 1, 'Image ''img-project-4.jpg'' uploaded with a size of: 44028', '::1', '2017-06-18 01:26:44', '2017-06-18 01:26:44'),
(661, 1, 'Image ''img-org-2.jpg'' uploaded with a size of: 121928', '::1', '2017-06-18 01:26:44', '2017-06-18 01:26:44'),
(662, 1, 'Image ''img-service-1.jpg'' uploaded with a size of: 89025', '::1', '2017-06-18 01:26:45', '2017-06-18 01:26:45'),
(663, 1, 'Image ''img-service-2.jpg'' uploaded with a size of: 103357', '::1', '2017-06-18 01:26:45', '2017-06-18 01:26:45'),
(664, 1, 'Project#(6) ''ASCIS SHOP'' was updated', '::1', '2017-06-18 01:27:05', '2017-06-18 01:27:05'),
(665, 1, 'Image ''banner-projecten2.jpg'' uploaded with a size of: 121130', '::1', '2017-06-18 01:33:50', '2017-06-18 01:33:50'),
(666, 1, 'Image(42) '''' deleted', '::1', '2017-06-18 01:34:23', '2017-06-18 01:34:23'),
(667, 1, 'Image ''banner-projecten2.jpg'' uploaded with a size of: 121130', '::1', '2017-06-18 01:34:34', '2017-06-18 01:34:34'),
(668, 1, 'Page(5) ''Projecten'' was updated', '::1', '2017-06-18 01:35:11', '2017-06-18 01:35:11'),
(669, 1, 'Block(8) ''Page Projecten'' was updated', '::1', '2017-06-18 01:35:43', '2017-06-18 01:35:43'),
(670, 1, 'Project#(4) ''GSTAR'' was updated', '::1', '2017-06-18 02:18:19', '2017-06-18 02:18:19'),
(671, 1, 'Project#(5) ''Project 2'' was updated', '::1', '2017-06-18 02:18:34', '2017-06-18 02:18:34'),
(672, 1, 'Project#(6) ''ASCIS SHOP'' was updated', '::1', '2017-06-18 02:18:48', '2017-06-18 02:18:48'),
(673, 1, 'Banner(2) ''lorem ipsum dolor sit amet '' was created', '::1', '2017-06-18 23:55:11', '2017-06-18 23:55:11'),
(674, 1, 'Banner(3) ''lorem ipsum dolor sit amet '' was created', '::1', '2017-06-18 23:56:03', '2017-06-18 23:56:03'),
(675, 1, 'Banner(3) ''lorem ipsum dolor sit amet '' was updated', '::1', '2017-06-18 23:56:03', '2017-06-18 23:56:03'),
(676, 1, 'Banner(3) ''lorem ipsum dolor sit amet '' was updated', '::1', '2017-06-18 23:58:56', '2017-06-18 23:58:56'),
(677, 1, 'Banner(3) ''lorem ipsum dolor sit amet '' was deleted', '::1', '2017-06-18 23:59:04', '2017-06-18 23:59:04'),
(678, 1, 'Banner(1) ''lorem ipsum dolor sit amet'' was created', '::1', '2017-06-19 00:02:06', '2017-06-19 00:02:06'),
(679, 1, 'Banner(1) ''lorem ipsum dolor sit amet'' was updated', '::1', '2017-06-19 00:02:07', '2017-06-19 00:02:07'),
(680, 1, 'Banner(1) ''lorem ipsum dolor sit amet'' was updated', '::1', '2017-06-19 00:02:14', '2017-06-19 00:02:14'),
(681, 1, 'Image(10) '''' deleted', '::1', '2017-06-21 12:11:36', '2017-06-21 12:11:36'),
(682, 1, 'Image ''Hydrangeas.jpg'' uploaded with a size of: 595284', '::1', '2017-06-21 12:11:43', '2017-06-21 12:11:43'),
(683, 1, 'Image(11) '''' deleted', '::1', '2017-06-21 12:12:12', '2017-06-21 12:12:12'),
(684, 1, 'Image ''Tulips.jpg'' uploaded with a size of: 620888', '::1', '2017-06-21 12:12:23', '2017-06-21 12:12:23'),
(685, 1, 'Block(2) ''Organisatie'' was updated', '::1', '2017-06-21 16:16:43', '2017-06-21 16:16:43'),
(686, 1, 'Block(9) ''shoptifing'' was created', '::1', '2017-06-21 16:32:57', '2017-06-21 16:32:57'),
(687, 1, 'Block(9) ''shoptifing'' was updated', '::1', '2017-06-21 16:32:58', '2017-06-21 16:32:58'),
(688, 1, 'Block(10) ''transport'' was created', '::1', '2017-06-21 16:33:34', '2017-06-21 16:33:34'),
(689, 1, 'Block(10) ''transport'' was updated', '::1', '2017-06-21 16:33:34', '2017-06-21 16:33:34'),
(690, 1, 'Block(11) ''warehousing'' was created', '::1', '2017-06-21 16:33:51', '2017-06-21 16:33:51'),
(691, 1, 'Block(11) ''warehousing'' was updated', '::1', '2017-06-21 16:33:51', '2017-06-21 16:33:51'),
(692, 1, 'Block(9) ''shoptifing'' was updated', '::1', '2017-06-21 16:34:17', '2017-06-21 16:34:17'),
(693, 1, 'Block(10) ''transport'' was updated', '::1', '2017-06-21 16:34:53', '2017-06-21 16:34:53'),
(694, 1, 'Block(10) ''transport'' was updated', '::1', '2017-06-21 16:34:56', '2017-06-21 16:34:56'),
(695, 1, 'Block(11) ''warehousing'' was updated', '::1', '2017-06-21 18:55:33', '2017-06-21 18:55:33'),
(696, 1, 'Block(11) ''warehousing'' was updated', '::1', '2017-06-21 18:55:37', '2017-06-21 18:55:37'),
(697, 1, 'Banner(1) ''lorem ipsum dolor sit amet'' was updated', '::1', '2017-06-25 01:00:35', '2017-06-25 01:00:35'),
(698, 1, 'Banner(1) ''lorem ipsum dolor sit amet'' was updated', '::1', '2017-06-25 01:14:27', '2017-06-25 01:14:27'),
(699, 1, 'Block(2) ''Organisatie'' was updated', '::1', '2017-06-25 01:15:40', '2017-06-25 01:15:40'),
(700, 1, 'Block(3) ''interieur opbouw'' was updated', '::1', '2017-06-25 01:17:07', '2017-06-25 01:17:07'),
(701, 1, 'Block(4) ''Projecten'' was updated', '::1', '2017-06-25 01:17:57', '2017-06-25 01:17:57'),
(702, 1, 'Page(7) ''column1'' was updated', '::1', '2017-07-01 07:35:14', '2017-07-01 07:35:14'),
(703, 1, 'Page(8) ''column2'' was updated', '::1', '2017-07-01 07:35:50', '2017-07-01 07:35:50'),
(704, 1, 'Page(11) ''column1'' was updated', '::1', '2017-07-01 07:36:32', '2017-07-01 07:36:32'),
(705, 1, 'Page(12) ''column2'' was updated', '::1', '2017-07-01 07:37:02', '2017-07-01 07:37:02'),
(706, 1, 'Page(10) ''column2'' was updated', '::1', '2017-07-01 07:38:15', '2017-07-01 07:38:15'),
(707, 1, 'Page(7) ''column1'' was updated', '::1', '2017-07-01 07:39:34', '2017-07-01 07:39:34'),
(708, 1, 'Page(2) ''Organization'' was updated', '77.169.156.101', '2017-07-04 13:27:15', '2017-07-04 13:27:15'),
(709, 1, 'Page(2) ''Organisatie'' was updated', '77.169.156.101', '2017-07-04 13:28:17', '2017-07-04 13:28:17'),
(710, 1, 'Page(5) ''Projects'' was updated', '77.169.156.101', '2017-07-04 13:33:30', '2017-07-04 13:33:30'),
(711, 1, 'News(1) ''company'' - ''B-Kwadraat'' was updated', '77.169.156.101', '2017-07-04 13:34:32', '2017-07-04 13:34:32'),
(712, 1, 'News(2) ''address'' - ''Protonweg 19'' was updated', '77.169.156.101', '2017-07-04 13:34:32', '2017-07-04 13:34:32'),
(713, 1, 'News(3) ''zip_code'' - ''1627 LD'' was updated', '77.169.156.101', '2017-07-04 13:34:32', '2017-07-04 13:34:32'),
(714, 1, 'News(4) ''city'' - ''Hoorn'' was updated', '77.169.156.101', '2017-07-04 13:34:32', '2017-07-04 13:34:32'),
(715, 1, 'Block(1) ''B-Kwadraat IN 60 SECONDEN'' was updated', '77.169.156.101', '2017-07-04 13:35:06', '2017-07-04 13:35:06'),
(716, 1, 'Block(6) ''B-Kwadraat'' was updated', '77.169.156.101', '2017-07-04 13:35:30', '2017-07-04 13:35:30'),
(717, 1, 'Page(4) ''Services'' was updated', '77.169.156.101', '2017-07-04 13:36:09', '2017-07-04 13:36:09'),
(718, 1, 'Page(4) ''Services'' was updated', '77.169.156.101', '2017-07-04 13:44:36', '2017-07-04 13:44:36'),
(719, 1, 'Page(4) ''Services'' was updated', '77.169.156.101', '2017-07-04 13:45:14', '2017-07-04 13:45:14'),
(720, 1, 'Page(4) ''Services'' was updated', '77.169.156.101', '2017-07-04 13:45:53', '2017-07-04 13:45:53'),
(721, 1, 'Page(4) ''Services'' was updated', '77.169.156.101', '2017-07-04 13:46:41', '2017-07-04 13:46:41'),
(722, 1, 'Page(4) ''Service'' was updated', '77.169.156.101', '2017-07-04 13:48:15', '2017-07-04 13:48:15'),
(723, 1, 'Page(4) ''Services'' was updated', '77.169.156.101', '2017-07-04 13:49:37', '2017-07-04 13:49:37'),
(724, 1, 'Page(9) ''Interieurop bouw en'' was updated', '103.26.101.154', '2017-07-04 14:24:03', '2017-07-04 14:24:03'),
(725, 1, 'Block(1) ''B-Kwadraat IN 60 SECONDEN'' was updated', '103.26.101.154', '2017-07-04 14:52:22', '2017-07-04 14:52:22'),
(726, 1, 'Block(1) ''B-kwadrat IN 60 SECONDEN'' was updated', '103.26.101.154', '2017-07-04 14:54:04', '2017-07-04 14:54:04'),
(727, 1, 'News(25) ''website'' - ''http://opanlabs.com/bkwadrat/public'' was updated', '103.26.101.154', '2017-07-04 15:19:37', '2017-07-04 15:19:37'),
(728, 1, 'Image(16) '''' deleted', '103.26.101.154', '2017-07-04 15:28:32', '2017-07-04 15:28:32'),
(729, 1, 'Image ''maxresdefault.jpg'' uploaded with a size of: 77969', '103.26.101.154', '2017-07-04 15:28:46', '2017-07-04 15:28:46'),
(730, 1, 'Block(1) ''B-kwadraat IN 60 SECONDEN'' was updated', '111.95.219.61', '2017-07-05 20:54:44', '2017-07-05 20:54:44'),
(731, 1, 'News(25) ''website'' - ''bkwadraat.nl'' was updated', '118.136.125.155', '2017-07-05 23:15:56', '2017-07-05 23:15:56'),
(732, 1, 'Block(6) ''B-Kwadraat'' was updated', '103.26.101.154', '2017-07-06 10:54:17', '2017-07-06 10:54:17'),
(733, 1, 'News(5) ''email'' - ''tristan@ceesenco.com'' was updated', '77.169.156.101', '2017-07-07 15:04:31', '2017-07-07 15:04:31'),
(734, 1, 'News(14) ''gm_lat'' - ''52.6411996'' was updated', '77.169.156.101', '2017-07-07 15:25:39', '2017-07-07 15:25:39'),
(735, 1, 'News(15) ''gm_long'' - ''5.0957388'' was updated', '77.169.156.101', '2017-07-07 15:25:39', '2017-07-07 15:25:39'),
(736, 1, 'Banner(1) ''Home Banner'' was updated', '77.169.156.101', '2017-07-07 15:32:11', '2017-07-07 15:32:11'),
(737, 1, 'Banner(1) ''Home Banner'' was updated', '77.169.156.101', '2017-07-07 15:32:27', '2017-07-07 15:32:27'),
(738, 1, 'Page(2) ''Organization'' was updated', '77.169.156.101', '2017-07-07 15:32:53', '2017-07-07 15:32:53'),
(739, 1, 'Page(2) ''Organization'' was updated', '77.169.156.101', '2017-07-07 15:33:04', '2017-07-07 15:33:04'),
(740, 1, 'Page(4) ''Service'' was updated', '77.169.156.101', '2017-07-07 15:33:51', '2017-07-07 15:33:51'),
(741, 1, 'Page(2) ''Organisatie'' was updated', '77.169.156.101', '2017-07-07 15:34:27', '2017-07-07 15:34:27'),
(742, 1, 'Page(2) ''Organisatie'' was updated', '77.169.156.101', '2017-07-07 15:34:34', '2017-07-07 15:34:34'),
(743, 1, 'Page(6) ''Contact'' was updated', '77.169.156.101', '2017-07-07 15:35:14', '2017-07-07 15:35:14'),
(744, 1, 'Page(5) ''Projecten'' was updated', '77.169.156.101', '2017-07-07 15:35:23', '2017-07-07 15:35:23'),
(745, 1, 'Page(3) ''Interieuropbouw'' was updated', '77.169.156.101', '2017-07-07 15:35:40', '2017-07-07 15:35:40'),
(746, 1, 'Page(9) ''Interieuropbouw'' was updated', '77.169.156.101', '2017-07-07 15:35:59', '2017-07-07 15:35:59'),
(747, 1, 'Page(11) ''column1'' was updated', '77.169.156.101', '2017-07-07 15:38:35', '2017-07-07 15:38:35'),
(748, 1, 'Page(11) ''column1'' was updated', '77.169.156.101', '2017-07-07 15:38:54', '2017-07-07 15:38:54'),
(749, 1, 'Page(11) ''column1'' was updated', '77.169.156.101', '2017-07-07 15:39:14', '2017-07-07 15:39:14'),
(750, 1, 'Page(11) ''column1'' was updated', '77.169.156.101', '2017-07-07 15:39:25', '2017-07-07 15:39:25'),
(751, 1, 'Page(11) ''column1'' was updated', '77.169.156.101', '2017-07-07 15:39:44', '2017-07-07 15:39:44'),
(752, 1, 'Page(11) ''column1'' was updated', '77.169.156.101', '2017-07-07 15:40:20', '2017-07-07 15:40:20'),
(753, 1, 'Page(11) ''column1'' was updated', '77.169.156.101', '2017-07-07 15:40:43', '2017-07-07 15:40:43'),
(754, 1, 'Page(11) ''column1'' was updated', '77.169.156.101', '2017-07-07 15:40:55', '2017-07-07 15:40:55'),
(755, 1, 'Page(11) ''column1'' was updated', '77.169.156.101', '2017-07-07 15:41:12', '2017-07-07 15:41:12'),
(756, 1, 'Block(1) ''B-kwadraat IN 60 SECONDEN ja'' was updated', '77.169.156.101', '2017-07-07 15:42:05', '2017-07-07 15:42:05'),
(757, 1, 'Block(1) ''B-kwadraat IN 60 SECONDEN'' was updated', '77.169.156.101', '2017-07-07 15:42:13', '2017-07-07 15:42:13'),
(758, 1, 'Block(2) ''Organisaties'' was updated', '77.169.156.101', '2017-07-07 15:42:35', '2017-07-07 15:42:35'),
(759, 1, 'Block(2) ''Organisatie'' was updated', '77.169.156.101', '2017-07-07 15:43:59', '2017-07-07 15:43:59'),
(760, 1, 'Block(3) ''interieur opbouw'' was updated', '77.169.156.101', '2017-07-07 15:44:39', '2017-07-07 15:44:39'),
(761, 1, 'Block(2) ''Organisatie'' was updated', '77.169.156.101', '2017-07-07 15:45:50', '2017-07-07 15:45:50'),
(762, 1, 'Block(5) ''lorensum home button'' was updated', '77.169.156.101', '2017-07-07 16:06:54', '2017-07-07 16:06:54'),
(763, 1, 'Block(3) ''Interieuropbouw'' was updated', '77.169.156.101', '2017-07-07 16:07:08', '2017-07-07 16:07:08'),
(764, 1, 'Block(6) ''B-Kwadraat'' was updated', '77.169.156.101', '2017-07-07 16:13:55', '2017-07-07 16:13:55'),
(765, 1, 'Block(9) ''Shopfitting'' was updated', '77.169.156.101', '2017-07-07 16:19:55', '2017-07-07 16:19:55'),
(766, 1, 'Block(10) ''Transport'' was updated', '77.169.156.101', '2017-07-07 16:20:11', '2017-07-07 16:20:11'),
(767, 1, 'Block(11) ''Warehousing'' was updated', '77.169.156.101', '2017-07-07 16:20:25', '2017-07-07 16:20:25'),
(768, 1, 'News(6) ''phone'' - ''0651-322260'' was updated', '77.169.156.101', '2017-07-07 16:36:12', '2017-07-07 16:36:12'),
(769, 1, 'News(7) ''mobile'' - '''' was updated', '77.169.156.101', '2017-07-07 16:36:12', '2017-07-07 16:36:12'),
(770, 1, 'News(16) ''facebook'' - '''' was updated', '77.169.156.101', '2017-07-07 16:36:35', '2017-07-07 16:36:35'),
(771, 1, 'News(16) ''facebook'' - ''https://www.facebook.com/b-kwardat'' was updated', '77.169.156.101', '2017-07-07 16:36:42', '2017-07-07 16:36:42'),
(772, 1, 'News(6) ''phone'' - ''06 51322260'' was updated', '77.169.156.101', '2017-07-07 16:45:13', '2017-07-07 16:45:13'),
(773, 1, 'Project#(4) ''G-STAR'' was updated', '77.169.156.101', '2017-07-07 16:50:17', '2017-07-07 16:50:17'),
(774, 1, 'Image ''bkwadraat6.PNG'' uploaded with a size of: 5583', '77.169.156.101', '2017-07-07 16:50:48', '2017-07-07 16:50:48'),
(775, 1, 'Image(47) '''' deleted', '77.169.156.101', '2017-07-07 16:50:55', '2017-07-07 16:50:55'),
(776, 1, 'Page(9) ''Interieuropbouw'' was updated', '103.26.101.154', '2017-07-07 17:20:06', '2017-07-07 17:20:06'),
(777, 1, 'Block(3) ''Interieuropbouw'' was updated', '103.26.101.154', '2017-07-07 17:20:44', '2017-07-07 17:20:44'),
(778, 1, 'Block(12) ''Naam'' was created', '103.26.101.154', '2017-07-07 17:24:05', '2017-07-07 17:24:05'),
(779, 1, 'Block(12) ''Naam'' was updated', '103.26.101.154', '2017-07-07 17:24:05', '2017-07-07 17:24:05'),
(780, 1, 'Block(13) ''Email'' was created', '103.26.101.154', '2017-07-07 17:25:30', '2017-07-07 17:25:30'),
(781, 1, 'Block(13) ''Email'' was updated', '103.26.101.154', '2017-07-07 17:25:30', '2017-07-07 17:25:30'),
(782, 1, 'Block(14) ''Telefoonnummer'' was created', '103.26.101.154', '2017-07-07 17:27:16', '2017-07-07 17:27:16'),
(783, 1, 'Block(14) ''Telefoonnummer'' was updated', '103.26.101.154', '2017-07-07 17:27:16', '2017-07-07 17:27:16'),
(784, 1, 'Block(15) ''Bericht'' was created', '103.26.101.154', '2017-07-07 17:28:30', '2017-07-07 17:28:30'),
(785, 1, 'Block(15) ''Bericht'' was updated', '103.26.101.154', '2017-07-07 17:28:30', '2017-07-07 17:28:30'),
(786, 1, 'Block(12) ''Naam'' was updated', '103.26.101.154', '2017-07-07 17:35:56', '2017-07-07 17:35:56'),
(787, 1, 'Block(13) ''Email'' was updated', '103.26.101.154', '2017-07-07 17:35:57', '2017-07-07 17:35:57'),
(788, 1, 'Block(14) ''Telefoonnummer'' was updated', '103.26.101.154', '2017-07-07 17:35:58', '2017-07-07 17:35:58'),
(789, 1, 'Block(15) ''Bericht'' was updated', '103.26.101.154', '2017-07-07 17:35:59', '2017-07-07 17:35:59'),
(790, 1, 'Block(12) ''Name'' was updated', '103.26.101.154', '2017-07-07 17:36:43', '2017-07-07 17:36:43'),
(791, 1, 'Block(14) ''Phone Number'' was updated', '103.26.101.154', '2017-07-07 17:37:23', '2017-07-07 17:37:23'),
(792, 1, 'Block(15) ''Message'' was updated', '103.26.101.154', '2017-07-07 17:37:48', '2017-07-07 17:37:48'),
(793, 1, 'Block(16) ''SEND'' was created', '118.136.125.155', '2017-07-08 16:47:50', '2017-07-08 16:47:50'),
(794, 1, 'Block(16) ''SEND'' was updated', '118.136.125.155', '2017-07-08 16:47:50', '2017-07-08 16:47:50'),
(795, 1, 'Block(17) '' Wilt u meer informatie'' was created', '118.136.125.155', '2017-07-08 16:48:07', '2017-07-08 16:48:07'),
(796, 1, 'Block(17) '' Wilt u meer informatie'' was updated', '118.136.125.155', '2017-07-08 16:48:07', '2017-07-08 16:48:07'),
(797, 1, 'Block(17) '' Wilt u meer informatie'' was updated', '118.136.125.155', '2017-07-08 16:48:37', '2017-07-08 16:48:37'),
(798, 1, 'Block(16) ''VERZENDEN'' was updated', '118.136.125.155', '2017-07-08 16:49:10', '2017-07-08 16:49:10'),
(799, 1, 'Block(16) ''VERZENDEN'' was updated', '118.136.125.155', '2017-07-08 16:52:17', '2017-07-08 16:52:17'),
(800, 1, 'Block(17) '' Wilt u meer informatie'' was updated', '118.136.125.155', '2017-07-08 16:52:18', '2017-07-08 16:52:18'),
(801, 1, 'Block(17) '' Wilt u meer informatie'' was updated', '118.136.125.155', '2017-07-08 16:52:54', '2017-07-08 16:52:54'),
(802, 1, 'Page(9) ''Altijd met de mode mee'' was updated', '77.169.156.101', '2017-07-13 14:35:22', '2017-07-13 14:35:22'),
(803, 1, 'Page(7) ''West-Friese nuchterheid '' was updated', '77.169.156.101', '2017-07-13 14:36:56', '2017-07-13 14:36:56'),
(804, 1, 'Page(7) ''West-Friese nuchterheid '' was updated', '77.169.156.101', '2017-07-13 14:38:03', '2017-07-13 14:38:03'),
(805, 1, 'Page(11) ''Aanvullende diensten'' was updated', '77.169.156.101', '2017-07-13 14:40:22', '2017-07-13 14:40:22'),
(806, 1, 'Project#(4) ''G-STAR'' was updated', '77.169.156.101', '2017-07-13 14:51:20', '2017-07-13 14:51:20'),
(807, 1, 'Project#(4) ''G-STAR'' was updated', '77.169.156.101', '2017-07-13 14:51:38', '2017-07-13 14:51:38'),
(808, 1, 'Images reordered', '77.169.156.101', '2017-07-13 14:52:38', '2017-07-13 14:52:38'),
(809, 1, 'Images reordered', '77.169.156.101', '2017-07-13 14:52:41', '2017-07-13 14:52:41'),
(810, 1, 'Project#(4) ''G-STAR'' was updated', '77.169.156.101', '2017-07-13 14:52:51', '2017-07-13 14:52:51'),
(811, 1, 'News(5) ''email'' - ''stage@ceesenco.com'' was updated', '77.169.156.101', '2017-07-13 15:08:22', '2017-07-13 15:08:22'),
(812, 1, 'Block(5) ''lorensum home button'' was updated', '118.136.125.155', '2017-07-13 16:01:21', '2017-07-13 16:01:21'),
(813, 1, 'Page(8) ''column2'' was updated', '118.136.125.155', '2017-07-16 23:27:05', '2017-07-16 23:27:05'),
(814, 1, 'News(12) ''ga_tracking_id'' - ''UA-6905633-63'' was updated', '77.169.156.101', '2017-07-17 13:27:23', '2017-07-17 13:27:23'),
(815, 1, 'News(11) ''ga_site_id'' - ''118978417'' was updated', '77.169.156.101', '2017-07-17 13:27:23', '2017-07-17 13:27:23'),
(816, 1, 'Banner(1) ''lorem ipsum dolor sit amet'' was updated', '77.169.156.101', '2017-07-17 13:30:08', '2017-07-17 13:30:08'),
(817, 1, 'Banner(1) ''Home Banner'' was updated', '77.169.156.101', '2017-07-17 13:30:32', '2017-07-17 13:30:32'),
(818, 1, 'News(5) ''email'' - ''tristan@ceesenco.com'' was updated', '77.169.156.101', '2017-07-17 13:36:01', '2017-07-17 13:36:01'),
(819, 1, 'News(5) ''email'' - ''tristan@ceesenco.comtfg34gf34erg4e53rygh4e5r'' was updated', '77.169.156.101', '2017-07-17 13:36:09', '2017-07-17 13:36:09'),
(820, 1, 'News(5) ''email'' - ''info@b-kwadraat.com'' was updated', '77.169.156.101', '2017-07-17 13:36:48', '2017-07-17 13:36:48'),
(821, 1, 'News(5) ''email'' - ''tristan@ceesenco.com'' was updated', '77.169.156.101', '2017-07-17 13:36:59', '2017-07-17 13:36:59'),
(822, 1, 'Block(5) ''lorensum home button'' was updated', '77.169.156.101', '2017-07-17 18:25:11', '2017-07-17 18:25:11'),
(823, 1, 'Page(8) ''Blok 2'' was updated', '77.169.156.101', '2017-07-17 18:53:57', '2017-07-17 18:53:57'),
(824, 1, 'Page(10) ''Blok 2'' was updated', '77.169.156.101', '2017-07-17 18:54:40', '2017-07-17 18:54:40'),
(825, 1, 'Block(2) ''Organisatie'' was updated', '77.169.156.101', '2017-07-17 19:29:53', '2017-07-17 19:29:53'),
(826, 1, 'Block(3) ''Interieuropbouw'' was updated', '77.169.156.101', '2017-07-17 19:30:17', '2017-07-17 19:30:17'),
(827, 1, 'Block(4) ''Projecten'' was updated', '77.169.156.101', '2017-07-17 19:30:32', '2017-07-17 19:30:32'),
(828, 1, 'Page(13) ''Test'' was created', '77.169.156.101', '2017-07-17 19:31:26', '2017-07-17 19:31:26'),
(829, 1, 'Page(13) ''Test'' was updated', '77.169.156.101', '2017-07-17 19:31:26', '2017-07-17 19:31:26'),
(830, 1, 'Page(13) ''Test'' was updated', '77.169.156.101', '2017-07-17 19:31:27', '2017-07-17 19:31:27'),
(831, 1, 'Page(13) ''Test'' was updated', '77.169.156.101', '2017-07-17 19:31:41', '2017-07-17 19:31:41'),
(832, 1, 'Block(9) ''Shopfitting'' was updated', '77.169.156.101', '2017-07-17 21:47:54', '2017-07-17 21:47:54'),
(833, 1, 'Block(1) ''B-Kwadraat IN 60 SECONDS'' was updated', '77.169.156.101', '2017-07-17 21:48:10', '2017-07-17 21:48:10'),
(834, 1, 'Block(1) ''B-Kwadraat IN 60 SECONDS'' was updated', '77.169.156.101', '2017-07-17 21:49:07', '2017-07-17 21:49:07'),
(835, 1, 'Page(14) ''404'' was created', '111.94.251.86', '2017-07-18 04:31:10', '2017-07-18 04:31:10'),
(836, 1, 'Page(14) ''404'' was updated', '111.94.251.86', '2017-07-18 04:31:10', '2017-07-18 04:31:10'),
(837, 1, 'Page(14) ''404'' was updated', '111.94.251.86', '2017-07-18 04:31:21', '2017-07-18 04:31:21'),
(838, 1, 'Image ''banner-org.jpg'' uploaded with a size of: 104336', '111.94.251.86', '2017-07-18 04:32:12', '2017-07-18 04:32:12');

-- --------------------------------------------------------

--
-- Table structure for table `attributes`
--

CREATE TABLE IF NOT EXISTS `attributes` (
  `id` int(10) unsigned NOT NULL,
  `type` varchar(255) COLLATE utf8_unicode_ci NOT NULL,
  `name` varchar(255) COLLATE utf8_unicode_ci NOT NULL,
  `code` varchar(255) COLLATE utf8_unicode_ci NOT NULL,
  `label` varchar(255) COLLATE utf8_unicode_ci NOT NULL,
  `sequence` int(11) NOT NULL,
  `active` tinyint(4) NOT NULL,
  `created_at` timestamp NOT NULL DEFAULT '0000-00-00 00:00:00',
  `updated_at` timestamp NOT NULL DEFAULT '0000-00-00 00:00:00'
) ENGINE=InnoDB DEFAULT CHARSET=utf8 COLLATE=utf8_unicode_ci;

-- --------------------------------------------------------

--
-- Table structure for table `attribute_attribute_set`
--

CREATE TABLE IF NOT EXISTS `attribute_attribute_set` (
  `attribute_set_id` int(10) unsigned NOT NULL,
  `attribute_id` int(10) unsigned NOT NULL
) ENGINE=InnoDB DEFAULT CHARSET=utf8 COLLATE=utf8_unicode_ci;

-- --------------------------------------------------------

--
-- Table structure for table `attribute_product`
--

CREATE TABLE IF NOT EXISTS `attribute_product` (
  `attribute_id` int(10) unsigned NOT NULL,
  `product_id` int(10) unsigned NOT NULL,
  `value` varchar(255) COLLATE utf8_unicode_ci NOT NULL
) ENGINE=InnoDB DEFAULT CHARSET=utf8 COLLATE=utf8_unicode_ci;

-- --------------------------------------------------------

--
-- Table structure for table `attribute_sets`
--

CREATE TABLE IF NOT EXISTS `attribute_sets` (
  `id` int(10) unsigned NOT NULL,
  `name` varchar(255) COLLATE utf8_unicode_ci NOT NULL,
  `description` varchar(255) COLLATE utf8_unicode_ci NOT NULL,
  `sequence` int(11) NOT NULL,
  `active` tinyint(4) NOT NULL,
  `created_at` timestamp NOT NULL DEFAULT '0000-00-00 00:00:00',
  `updated_at` timestamp NOT NULL DEFAULT '0000-00-00 00:00:00'
) ENGINE=InnoDB DEFAULT CHARSET=utf8 COLLATE=utf8_unicode_ci;

-- --------------------------------------------------------

--
-- Table structure for table `banners`
--

CREATE TABLE IF NOT EXISTS `banners` (
  `id` int(10) unsigned NOT NULL,
  `sequence` int(11) NOT NULL,
  `active` tinyint(4) DEFAULT NULL,
  `created_at` timestamp NOT NULL DEFAULT '0000-00-00 00:00:00',
  `updated_at` timestamp NOT NULL DEFAULT '0000-00-00 00:00:00'
) ENGINE=InnoDB AUTO_INCREMENT=2 DEFAULT CHARSET=utf8 COLLATE=utf8_unicode_ci;

--
-- Dumping data for table `banners`
--

INSERT INTO `banners` (`id`, `sequence`, `active`, `created_at`, `updated_at`) VALUES
(1, 1, 1, '2017-06-19 00:02:06', '2017-06-19 00:02:14');

-- --------------------------------------------------------

--
-- Table structure for table `banner_translations`
--

CREATE TABLE IF NOT EXISTS `banner_translations` (
  `id` int(10) unsigned NOT NULL,
  `banner_id` int(10) unsigned NOT NULL,
  `locale` varchar(255) COLLATE utf8_unicode_ci NOT NULL,
  `title` varchar(255) COLLATE utf8_unicode_ci NOT NULL,
  `slug` varchar(255) COLLATE utf8_unicode_ci NOT NULL,
  `description` varchar(255) COLLATE utf8_unicode_ci NOT NULL
) ENGINE=InnoDB AUTO_INCREMENT=3 DEFAULT CHARSET=utf8 COLLATE=utf8_unicode_ci;

--
-- Dumping data for table `banner_translations`
--

INSERT INTO `banner_translations` (`id`, `banner_id`, `locale`, `title`, `slug`, `description`) VALUES
(1, 1, 'nl', 'lorem ipsum dolor sit amet', 'https://www.youtube.com/watch?v=4uUGt2GE9Bs', '<p>Lorem ipsum dolor sit amet, consectetur adipiscing elit. Nunc egestas at massa nec viverra. Donec viverra nisi vehicula efficitur mollis. Praesent vitae bibendum ipsum.</p>\r\n'),
(2, 1, 'en', 'Home Banner', 'https://www.youtube.com/watch?v=aaLTnWw09ng', '<p>This is the home banner.</p>\r\n');

-- --------------------------------------------------------

--
-- Table structure for table `blocks`
--

CREATE TABLE IF NOT EXISTS `blocks` (
  `id` int(10) unsigned NOT NULL,
  `sequence` int(11) NOT NULL,
  `active` tinyint(4) NOT NULL,
  `created_at` timestamp NOT NULL DEFAULT '0000-00-00 00:00:00',
  `updated_at` timestamp NOT NULL DEFAULT '0000-00-00 00:00:00'
) ENGINE=InnoDB AUTO_INCREMENT=18 DEFAULT CHARSET=utf8 COLLATE=utf8_unicode_ci;

--
-- Dumping data for table `blocks`
--

INSERT INTO `blocks` (`id`, `sequence`, `active`, `created_at`, `updated_at`) VALUES
(1, 1, 1, '2017-06-12 18:31:29', '2017-06-15 15:48:58'),
(2, 2, 1, '2017-06-12 18:32:03', '2017-06-14 02:38:24'),
(3, 3, 1, '2017-06-12 18:35:38', '2017-06-14 02:47:20'),
(4, 4, 1, '2017-06-12 18:36:07', '2017-06-14 02:47:26'),
(5, 5, 1, '2017-06-12 18:36:43', '2017-06-14 02:50:40'),
(6, 6, 1, '2017-06-12 18:37:15', '2017-06-14 03:00:41'),
(7, 7, 1, '2017-06-14 02:14:21', '2017-06-14 02:16:16'),
(8, 8, 1, '2017-06-18 00:51:57', '2017-06-18 01:35:42'),
(9, 9, 1, '2017-06-21 16:32:57', '2017-06-21 16:34:17'),
(10, 10, 1, '2017-06-21 16:33:34', '2017-06-21 16:34:53'),
(11, 11, 1, '2017-06-21 16:33:50', '2017-06-21 18:55:32'),
(12, 12, 1, '2017-07-07 17:24:05', '2017-07-07 17:35:56'),
(13, 13, 1, '2017-07-07 17:25:30', '2017-07-07 17:35:57'),
(14, 14, 1, '2017-07-07 17:27:16', '2017-07-07 17:35:58'),
(15, 15, 1, '2017-07-07 17:28:30', '2017-07-07 17:35:59'),
(16, 16, 1, '2017-07-08 16:47:50', '2017-07-08 16:52:17'),
(17, 17, 1, '2017-07-08 16:48:07', '2017-07-08 16:52:18');

-- --------------------------------------------------------

--
-- Table structure for table `block_translations`
--

CREATE TABLE IF NOT EXISTS `block_translations` (
  `id` int(10) unsigned NOT NULL,
  `block_id` int(10) unsigned NOT NULL,
  `locale` varchar(255) COLLATE utf8_unicode_ci NOT NULL,
  `title` varchar(255) COLLATE utf8_unicode_ci NOT NULL,
  `slug` varchar(255) COLLATE utf8_unicode_ci NOT NULL,
  `meta_title` varchar(255) COLLATE utf8_unicode_ci NOT NULL,
  `meta_description` varchar(255) COLLATE utf8_unicode_ci NOT NULL,
  `meta_keywords` varchar(255) COLLATE utf8_unicode_ci NOT NULL,
  `text` text COLLATE utf8_unicode_ci NOT NULL,
  `button_link` varchar(255) COLLATE utf8_unicode_ci DEFAULT NULL,
  `button_text` varchar(255) COLLATE utf8_unicode_ci DEFAULT NULL
) ENGINE=InnoDB AUTO_INCREMENT=35 DEFAULT CHARSET=utf8 COLLATE=utf8_unicode_ci;

--
-- Dumping data for table `block_translations`
--

INSERT INTO `block_translations` (`id`, `block_id`, `locale`, `title`, `slug`, `meta_title`, `meta_description`, `meta_keywords`, `text`, `button_link`, `button_text`) VALUES
(1, 1, 'nl', 'B-kwadraat IN 60 SECONDEN', 'video-home', '', '', '', '<p>https://www.youtube.com/embed/gYBm7scwvwM</p>\r\n', NULL, NULL),
(2, 1, 'en', 'B-Kwadraat IN 60 SECONDS', 'video-home-1', '', '', '', '<p>https://www.youtube.com/embed/gYBm7scwvwM</p>\r\n', NULL, NULL),
(3, 2, 'nl', 'Organisatie', 'organisatie', '', '', '', '<p>Lees hier meer over onze organisatie</p>\r\n', NULL, NULL),
(4, 2, 'en', 'Organisatie', 'organisatie-1', '', '', '', '<p>Lorem ipsum dolor sit amet, consectetur adipiscing elit. Nunc egestas at massa nec viverra. Donec viverra nisi vehicula efficitur mollis. Praesent vitae bibendum ipsum.</p>\r\n', NULL, NULL),
(5, 3, 'nl', 'Interieuropbouw', 'interieuropbouw', '', '', '', '<p>Lees hier meer over interieuropbouw</p>\r\n', NULL, NULL),
(6, 3, 'en', 'Interieuropbouw', 'interieuropbouw', '', '', '', '<p>Lorem ipsum dolor sit amet, consectetur adipiscing elit. Nunc egestas at massa nec viverra. Donec viverra nisi vehicula efficitur mollis. Praesent vitae bibendum ipsum.</p>\r\n', NULL, NULL),
(7, 4, 'nl', 'Projecten', 'projecten', '', '', '', '<p>Lees hier meer over onze projecten</p>\r\n', NULL, NULL),
(8, 4, 'en', 'Projecten', 'projecten-1', '', '', '', '<p>Lorem ipsum dolor sit amet, consectetur adipiscing elit. Nunc egestas at massa nec viverra. Donec viverra nisi vehicula efficitur mollis. Praesent vitae bibendum ipsum.</p>\r\n', NULL, NULL),
(9, 5, 'nl', 'lorensum home button', 'organisatie', '', '', '', '<p>Lorem ipsum dolor sit amet, consectetur adipiscing elit. Nunc egestas at massa nec viverra. Donec viverra nisi vehicula efficitur mollis. Praesent vitae bibendum ipsum. Nulla facilisi. Nunc erat mauris, posuere rutrum luctus at, rhoncus et ipsum. Aliquam vitae interdum dolor. Etiam a interdum nibh. Fusce augue leo, maximus eu varius vel, laoreet vel nunc.</p>\r\n\r\n<p>Donec vitae sagittis felis, sit amet lacinia elit. Mauris accumsan vestibulum tellus, vel lacinia diam euismod vitae. In dui tortor, suscipit et magna non, posuere porta magna. Integer nec mi faucibus nulla fermentum scelerisque vel nec est. Nunc non sapien metus. Suspendisse potenti. Cras sit amet justo sagittis, placerat magna eu, sagittis diam. Duis quis quam ornare, malesuada turpis eget, congue tortor.</p>\r\n\r\n<p>&nbsp;</p>\r\n', NULL, NULL),
(10, 5, 'en', 'lorensum home button', 'lorensum-home-button-1', '', '', '', '<p>Lorem ipsum dolor sit amet, consectetur adipiscing elit. Nunc egestas at massa nec viverra. Donec viverra nisi vehicula efficitur mollis. Praesent vitae bibendum ipsum.</p>\r\n', NULL, NULL),
(11, 6, 'nl', 'B-Kwadraat', 'b-kwadraat', '', '', '', '<p>Lorem ipsum dolor sit amet, consectetur adipiscing elit. Nunc egestas at massa nec viverra. Donec viverra nisi vehicula efficitur mollis. Praesent vitae bibendum ipsum. Nulla facilisi. Nunc erat mauris, posuere rutrum luctus at, rhoncus et ipsum. Aliquam vitae interdum dolor. Etiam a interdum nibh. Fusce augue leo, maximus eu varius vel, laoreet vel nunc. Donec vitae sagittis felis, sit amet lacinia elit. Mauris accumsan vestibulum tellus, vel lacinia diam euismod vitae. In dui tortor, suscipit et magna non, posuere porta magna. Integer nec mi faucibus =nulla fermentum scelerisque vel nec est. Nunc non sapien metus.</p>\r\n\r\n<p>Suspendisse potenti. Cras sit amet justo sagittis, placerat magna eu, sagittis diam. ac massa sodales, ac porttitor leo cursus.</p>\r\n', NULL, NULL),
(12, 6, 'en', 'B-Kwadraat', 'b-kwardat-1', '', '', '', '<p>Lorem ipsum dolor sit amet, consectetur adipiscing elit. Nunc egestas at massa nec viverra. Donec viverra nisi vehicula efficitur mollis. Praesent vitae bibendum ipsum. Nulla facilisi. Nunc erat mauris, posuere rutrum luctus at, rhoncus et ipsum. Aliquam vitae interdum dolor. Etiam a interdum nibh. Fusce augue leo, maximus eu varius vel, laoreet vel nunc. Donec vitae sagittis felis, sit amet lacinia elit. Mauris accumsan vestibulum tellus, vel lacinia diam euismod vitae. In dui tortor, suscipit et magna non, posuere porta magna. Integer nec mi faucibus =nulla fermentum scelerisque vel nec est. Nunc non sapien metus.</p>\r\n\r\n<p>Suspendisse potenti. Cras sit amet justo sagittis, placerat magna eu, sagittis diam. ac massa sodales, ac porttitor leo cursus.</p>\r\n', NULL, NULL),
(13, 7, 'en', 'play video', 'play-video', '', '', '', '<p>play video</p>\r\n', NULL, NULL),
(14, 7, 'nl', 'play video', 'https://www.youtube.com/watch?v=FWjZxW5J9SY', '', '', '', '<p>play video</p>\r\n', NULL, NULL),
(15, 8, 'nl', 'Page Projecten', 'page-projecten', '', '', '', '<p>Lorem ipsum dolor sit amet, consectetur adipiscing elit. Nunc egestas at massa nec viverra. Donec viverra nisi vehicula efficitur mollis. Praesent vitae bibendum ipsum. Nulla facilisi. Lorem ipsum dolor sit amet, consectetur adipiscing elit. Nunc egestas at massa nec viverra. Donec viverra nisi vehicula efficitur mollis. Praesent vitae bibendum ipsum. Nulla facilisi.</p>\r\n', NULL, NULL),
(16, 8, 'en', 'Page Projecten', 'page-projecten-1', '', '', '', '<p>Lorem ipsum dolor sit amet, consectetur adipiscing elit. Nunc egestas at massa nec viverra. Donec viverra nisi vehicula efficitur mollis. Praesent vitae bibendum ipsum. Nulla facilisi. Lorem ipsum dolor sit amet, consectetur adipiscing elit. Nunc egestas at massa nec viverra. Donec viverra nisi vehicula efficitur mollis. Praesent vitae bibendum ipsum. Nulla facilisi.</p>\r\n', NULL, NULL),
(17, 9, 'nl', 'Shopfitting', 'shoptifing', '', '', '', '<p>Tekst</p>\r\n', NULL, NULL),
(18, 9, 'en', 'Shopfitting', 'shoptifing-1', '', '', '', '', NULL, NULL),
(19, 10, 'nl', 'Transport', 'transport', '', '', '', '<p>Tekst</p>\r\n', NULL, NULL),
(20, 10, 'en', 'transport', 'transport-1', '', '', '', '', NULL, NULL),
(21, 11, 'nl', 'Warehousing', 'warehousing', '', '', '', '<p>Tekst</p>\r\n', NULL, NULL),
(22, 11, 'en', 'warehousing', 'warehousing-1', '', '', '', '', NULL, NULL),
(23, 12, 'nl', 'Naam', 'naam', '', '', '', '<p>Naam</p>\r\n', NULL, NULL),
(24, 12, 'en', 'Name', 'name-1', '', '', '', '', NULL, NULL),
(25, 13, 'nl', 'Email', 'email', '', '', '', '', NULL, NULL),
(26, 13, 'en', 'Email', 'email-1', '', '', '', '', NULL, NULL),
(27, 14, 'nl', 'Telefoonnummer', 'telefoonnummer', '', '', '', '', NULL, NULL),
(28, 14, 'en', 'Phone Number', 'phone-number', '', '', '', '', NULL, NULL),
(29, 15, 'nl', 'Bericht', 'bericht', '', '', '', '', NULL, NULL),
(30, 15, 'en', 'Message', 'message', '', '', '', '', NULL, NULL),
(31, 16, 'en', 'SEND', 'send', '', '', '', '', NULL, NULL),
(32, 16, 'nl', 'VERZENDEN', 'send-1', '', '', '', '', NULL, NULL),
(33, 17, 'en', ' Wilt u meer informatie', 'wilt-u-meer-informatie', '', '', '', '<p>&nbsp;</p>\r\n\r\n<p>&nbsp;</p>\r\n', NULL, NULL),
(34, 17, 'nl', ' Wilt u meer informatie', 'wilt-u-meer-informatie-1', '', '', '', '', NULL, NULL);

-- --------------------------------------------------------

--
-- Table structure for table `categories`
--

CREATE TABLE IF NOT EXISTS `categories` (
  `id` int(10) unsigned NOT NULL,
  `parent_id` int(10) unsigned DEFAULT NULL,
  `sequence` int(11) NOT NULL,
  `active` tinyint(4) NOT NULL,
  `created_at` timestamp NOT NULL DEFAULT '0000-00-00 00:00:00',
  `updated_at` timestamp NOT NULL DEFAULT '0000-00-00 00:00:00'
) ENGINE=InnoDB DEFAULT CHARSET=utf8 COLLATE=utf8_unicode_ci;

-- --------------------------------------------------------

--
-- Table structure for table `category_product`
--

CREATE TABLE IF NOT EXISTS `category_product` (
  `category_id` int(10) unsigned NOT NULL,
  `product_id` int(10) unsigned NOT NULL,
  `sequence` int(11) NOT NULL
) ENGINE=InnoDB DEFAULT CHARSET=utf8 COLLATE=utf8_unicode_ci;

-- --------------------------------------------------------

--
-- Table structure for table `category_translations`
--

CREATE TABLE IF NOT EXISTS `category_translations` (
  `id` int(10) unsigned NOT NULL,
  `category_id` int(10) unsigned NOT NULL,
  `locale` varchar(255) COLLATE utf8_unicode_ci NOT NULL,
  `title` varchar(255) COLLATE utf8_unicode_ci NOT NULL,
  `slug` varchar(255) COLLATE utf8_unicode_ci NOT NULL,
  `meta_title` varchar(255) COLLATE utf8_unicode_ci NOT NULL,
  `meta_description` varchar(255) COLLATE utf8_unicode_ci NOT NULL,
  `meta_keywords` varchar(255) COLLATE utf8_unicode_ci NOT NULL,
  `text` text COLLATE utf8_unicode_ci NOT NULL
) ENGINE=InnoDB DEFAULT CHARSET=utf8 COLLATE=utf8_unicode_ci;

-- --------------------------------------------------------

--
-- Table structure for table `images`
--

CREATE TABLE IF NOT EXISTS `images` (
  `id` int(10) unsigned NOT NULL,
  `imageable_id` int(11) NOT NULL,
  `imageable_type` varchar(255) COLLATE utf8_unicode_ci NOT NULL,
  `path` varchar(255) COLLATE utf8_unicode_ci NOT NULL,
  `size` int(11) NOT NULL,
  `extension` varchar(255) COLLATE utf8_unicode_ci NOT NULL,
  `name` varchar(255) COLLATE utf8_unicode_ci NOT NULL,
  `description` text COLLATE utf8_unicode_ci NOT NULL,
  `label` varchar(255) COLLATE utf8_unicode_ci NOT NULL,
  `link` varchar(255) COLLATE utf8_unicode_ci NOT NULL,
  `original_name` varchar(255) COLLATE utf8_unicode_ci NOT NULL,
  `sequence` int(11) NOT NULL,
  `active` tinyint(4) NOT NULL,
  `created_at` timestamp NOT NULL DEFAULT '0000-00-00 00:00:00',
  `updated_at` timestamp NOT NULL DEFAULT '0000-00-00 00:00:00'
) ENGINE=InnoDB AUTO_INCREMENT=49 DEFAULT CHARSET=utf8 COLLATE=utf8_unicode_ci;

--
-- Dumping data for table `images`
--

INSERT INTO `images` (`id`, `imageable_id`, `imageable_type`, `path`, `size`, `extension`, `name`, `description`, `label`, `link`, `original_name`, `sequence`, `active`, `created_at`, `updated_at`) VALUES
(2, 1, 'App\\Models\\Banner', '0dcaef5b308d16dee02a5cee2d4b907797a8c896', 252258, 'jpg', '', '', '', '', 'banner-home.jpg', 1, 1, '2017-06-14 02:06:22', '2017-06-14 02:06:22'),
(3, 2, 'App\\Models\\Block', '3a4af123d367841a656c5b41bf1a518520967255', 30727, 'jpg', '', '', '', '', 'article-1.jpg', 2, 1, '2017-06-14 02:39:18', '2017-06-14 02:39:18'),
(4, 3, 'App\\Models\\Block', '250571c03c2657d3c91a7fc0ef9be340d066f1e2', 30727, 'jpg', '', '', '', '', 'article-1.jpg', 3, 1, '2017-06-14 02:47:47', '2017-06-14 02:47:48'),
(5, 4, 'App\\Models\\Block', '38b4e0ab5fa437ca32062542e058b3cf33713cf9', 28372, 'jpg', '', '', '', '', 'article-3.jpg', 4, 1, '2017-06-14 02:49:19', '2017-06-14 02:49:19'),
(6, 5, 'App\\Models\\Block', '11288b08396df8c9f3dc4a9dec7ee20e8838ebb9', 70192, 'jpg', '', '', '', '', 'img-home.jpg', 5, 1, '2017-06-14 02:51:26', '2017-06-14 02:51:26'),
(7, 2, 'App\\Models\\Page', '20ef5f47ee712ecf4156960d010ac381cb80863e', 104336, 'jpg', '', '', '', '', 'banner-org.jpg', 6, 1, '2017-06-14 14:09:52', '2017-06-14 14:09:53'),
(8, 3, 'App\\Models\\Page', 'a8d56b33f91d7d66e8af7269bdb890f1852719e3', 116382, 'jpg', '', '', '', '', 'banner-service.jpg', 7, 1, '2017-06-14 14:12:00', '2017-06-14 14:12:01'),
(9, 4, 'App\\Models\\Page', 'e7b179bd3775773da57cdac153aaf432dd3d56c0', 116382, 'jpg', '', '', '', '', 'banner-service.jpg', 8, 1, '2017-06-14 14:13:30', '2017-06-14 14:13:30'),
(12, 9, 'App\\Models\\Page', '9e1726d98fdd9e3a9dc5ebaf3ebaa33ed2861d58', 64844, 'jpg', '', '', '', '', 'img-Interieurbouw-1.jpg', 11, 1, '2017-06-14 14:34:50', '2017-06-14 14:34:50'),
(13, 10, 'App\\Models\\Page', 'e520b003767d855ab5b4f2d2adcbdffd198c90b3', 70192, 'jpg', '', '', '', '', 'img-home.jpg', 12, 1, '2017-06-14 14:35:36', '2017-06-14 14:35:36'),
(14, 11, 'App\\Models\\Page', 'b1fddd9509b508a84bc8ca70b2d52ec7fdd9f977', 89025, 'jpg', '', '', '', '', 'img-service-1.jpg', 13, 1, '2017-06-14 14:38:28', '2017-06-14 14:38:28'),
(15, 12, 'App\\Models\\Page', '11b064f2f2e602fe29b14907342f2d939439223e', 103357, 'jpg', '', '', '', '', 'img-service-2.jpg', 14, 1, '2017-06-14 14:39:04', '2017-06-14 14:39:04'),
(17, 6, 'App\\Models\\Page', '7c88f7b4418dfa9eb714d7d64ad7838c03ca36df', 139042, 'jpg', '', '', '', '', 'banner-contact.jpg', 16, 1, '2017-06-16 06:33:16', '2017-06-16 06:33:16'),
(18, 4, 'App\\Models\\Project', 'b4bb516659f142f7f64a241b769bc377d4d8e11d', 70192, 'jpg', '', '', '', '', 'img-home.jpg', 8, 1, '2017-06-18 01:22:58', '2017-07-13 14:52:41'),
(19, 4, 'App\\Models\\Project', 'fbea541eae63926beb6ea13b6ab8e1bce7a51499', 107641, 'jpg', '', '', '', '', 'img-contact.jpg', 1, 1, '2017-06-18 01:22:59', '2017-07-13 14:52:38'),
(20, 4, 'App\\Models\\Project', 'b004650184e7acc08498c16ce6135b37f5ba84e4', 44028, 'jpg', '', '', '', '', 'img-project-4.jpg', 2, 1, '2017-06-18 01:22:59', '2017-07-13 14:52:38'),
(21, 4, 'App\\Models\\Project', '2581c2d5564a0d6d70fda91b621ccf559530c4af', 64844, 'jpg', '', '', '', '', 'img-Interieurbouw-1.jpg', 3, 1, '2017-06-18 01:22:59', '2017-07-13 14:52:38'),
(22, 4, 'App\\Models\\Project', '04ccb01747fae2a2edafa9bf1f17d51cb8f4161e', 121928, 'jpg', '', '', '', '', 'img-org-2.jpg', 4, 1, '2017-06-18 01:22:59', '2017-07-13 14:52:38'),
(23, 4, 'App\\Models\\Project', 'f2db69e169c99db1ca34d79e1a1007b089bfa421', 76118, 'jpg', '', '', '', '', 'img-org-1.jpg', 5, 1, '2017-06-18 01:22:59', '2017-07-13 14:52:41'),
(24, 4, 'App\\Models\\Project', 'd6585ae06eda261603e282d2221026fe1374a7b6', 89025, 'jpg', '', '', '', '', 'img-service-1.jpg', 6, 1, '2017-06-18 01:23:01', '2017-07-13 14:52:41'),
(25, 4, 'App\\Models\\Project', 'd07623d5e87141c8edff2c82826ef7f53c2827a9', 103357, 'jpg', '', '', '', '', 'img-service-2.jpg', 7, 1, '2017-06-18 01:23:01', '2017-07-13 14:52:41'),
(26, 5, 'App\\Models\\Project', 'b97bbc2440dc14009cb35d4fb6346361189b714b', 107641, 'jpg', '', '', '', '', 'img-contact.jpg', 23, 1, '2017-06-18 01:24:40', '2017-06-18 01:24:40'),
(27, 5, 'App\\Models\\Project', '91ccca73415bc4182b09532e11c29fe1d2e95aa1', 121928, 'jpg', '', '', '', '', 'img-org-2.jpg', 24, 1, '2017-06-18 01:24:40', '2017-06-18 01:24:40'),
(28, 5, 'App\\Models\\Project', '2d85a22b6678b32aa4f8bbb8cc1b743eab82de63', 70192, 'jpg', '', '', '', '', 'img-home.jpg', 25, 1, '2017-06-18 01:24:40', '2017-06-18 01:24:40'),
(29, 5, 'App\\Models\\Project', '06242b3eb5b0d77dac348b3df96673ddaf868e06', 34918, 'jpg', '', '', '', '', 'img-project-1.jpg', 25, 1, '2017-06-18 01:24:40', '2017-06-18 01:24:41'),
(30, 5, 'App\\Models\\Project', '2b692fbae4eaf53d4fda9603862df044da0425e9', 64844, 'jpg', '', '', '', '', 'img-Interieurbouw-1.jpg', 26, 1, '2017-06-18 01:24:40', '2017-06-18 01:24:41'),
(31, 5, 'App\\Models\\Project', '53f9a4a1e320f74336d621f656ade38537da1802', 76118, 'jpg', '', '', '', '', 'img-org-1.jpg', 27, 1, '2017-06-18 01:24:41', '2017-06-18 01:24:41'),
(32, 5, 'App\\Models\\Project', 'c3a7f34a40198a22a23f063e839698f5604e81cd', 23938, 'jpg', '', '', '', '', 'img-project-2.jpg', 28, 1, '2017-06-18 01:24:42', '2017-06-18 01:24:42'),
(33, 5, 'App\\Models\\Project', '85a2cbbe0c58e83e1bba08d6001f28aad77f056b', 15508, 'jpg', '', '', '', '', 'img-project-3.jpg', 29, 1, '2017-06-18 01:24:42', '2017-06-18 01:24:43'),
(34, 6, 'App\\Models\\Project', '3b281ebdb07f587ddd95d2b047985a5925b56211', 23938, 'jpg', '', '', '', '', 'img-project-2.jpg', 30, 1, '2017-06-18 01:26:43', '2017-06-18 01:26:43'),
(35, 6, 'App\\Models\\Project', 'f58fa34a88e3135723bf1377202540de4724ebb6', 15508, 'jpg', '', '', '', '', 'img-project-3.jpg', 31, 1, '2017-06-18 01:26:43', '2017-06-18 01:26:43'),
(36, 6, 'App\\Models\\Project', 'a54ce6190760b53a45d2901fb5e073ad08412be5', 38276, 'jpg', '', '', '', '', 'img-project-5.jpg', 31, 1, '2017-06-18 01:26:43', '2017-06-18 01:26:43'),
(37, 6, 'App\\Models\\Project', '64228f67c297da950a04411bd74da8ad33d7975a', 34918, 'jpg', '', '', '', '', 'img-project-1.jpg', 31, 1, '2017-06-18 01:26:43', '2017-06-18 01:26:43'),
(38, 6, 'App\\Models\\Project', 'a0db98f05b1e1ce12778565368754d0a988c7e01', 44028, 'jpg', '', '', '', '', 'img-project-4.jpg', 32, 1, '2017-06-18 01:26:43', '2017-06-18 01:26:44'),
(39, 6, 'App\\Models\\Project', '0b2efd3fea78f6751b3e750d81b39d59d644a9f2', 121928, 'jpg', '', '', '', '', 'img-org-2.jpg', 33, 1, '2017-06-18 01:26:44', '2017-06-18 01:26:44'),
(40, 6, 'App\\Models\\Project', '7397b9aee44fb5af6e8e361ad7fa29c22d151c90', 89025, 'jpg', '', '', '', '', 'img-service-1.jpg', 34, 1, '2017-06-18 01:26:45', '2017-06-18 01:26:45'),
(41, 6, 'App\\Models\\Project', '1288643627f463174d5d4efef9facc6c83eaa047', 103357, 'jpg', '', '', '', '', 'img-service-2.jpg', 35, 1, '2017-06-18 01:26:45', '2017-06-18 01:26:45'),
(43, 5, 'App\\Models\\Page', '183768a669b47418458bdf9e17b9d413d3a46795', 121130, 'jpg', '', '', '', '', 'banner-projecten2.jpg', 36, 1, '2017-06-18 01:34:34', '2017-06-18 01:34:34'),
(44, 7, 'App\\Models\\Page', '7421b6bca03e8f8b230b8a2c894b10d405553dfa', 595284, 'jpg', '', '', '', '', 'Hydrangeas.jpg', 37, 1, '2017-06-21 12:11:43', '2017-06-21 12:11:43'),
(45, 8, 'App\\Models\\Page', '6381157f1ec09025aa8fa864fe9dc12d2091933f', 620888, 'jpg', '', '', '', '', 'Tulips.jpg', 38, 1, '2017-06-21 12:12:23', '2017-06-21 12:12:23'),
(46, 1, 'App\\Models\\Block', '7fd55d375fde2e2f908e12076bd901bc351b0dae', 77969, 'jpg', '', '', '', '', 'maxresdefault.jpg', 39, 1, '2017-07-04 15:28:46', '2017-07-04 15:28:46'),
(48, 14, 'App\\Models\\Page', '9c1d9a9e5f00200b11611452fd7e76705c031d57', 104336, 'jpg', '', '', '', '', 'banner-org.jpg', 40, 1, '2017-07-18 04:32:12', '2017-07-18 04:32:12');

-- --------------------------------------------------------

--
-- Table structure for table `languages`
--

CREATE TABLE IF NOT EXISTS `languages` (
  `id` int(10) unsigned NOT NULL,
  `code` varchar(255) COLLATE utf8_unicode_ci NOT NULL,
  `flag` varchar(255) COLLATE utf8_unicode_ci NOT NULL,
  `sequence` int(11) NOT NULL,
  `active` tinyint(4) NOT NULL,
  `created_at` timestamp NOT NULL DEFAULT '0000-00-00 00:00:00',
  `updated_at` timestamp NOT NULL DEFAULT '0000-00-00 00:00:00',
  `deleted_at` timestamp NULL DEFAULT NULL
) ENGINE=InnoDB AUTO_INCREMENT=6 DEFAULT CHARSET=utf8 COLLATE=utf8_unicode_ci;

--
-- Dumping data for table `languages`
--

INSERT INTO `languages` (`id`, `code`, `flag`, `sequence`, `active`, `created_at`, `updated_at`, `deleted_at`) VALUES
(1, 'nl', 'nl', 1, 1, '2016-03-01 21:27:07', '2017-06-14 02:19:46', NULL),
(2, 'en', 'gb', 2, 1, '2016-03-01 21:27:07', '2017-03-03 18:44:38', NULL),
(3, 'fr', 'fr', 3, 0, '2016-03-01 21:27:07', '2016-03-01 21:27:07', NULL),
(4, 'de', 'de', 4, 0, '2016-03-01 21:27:07', '2016-03-01 21:27:07', NULL),
(5, 'es', 'es', 5, 0, '2016-03-01 21:27:07', '2016-03-01 21:27:07', NULL);

-- --------------------------------------------------------

--
-- Table structure for table `language_translations`
--

CREATE TABLE IF NOT EXISTS `language_translations` (
  `id` int(10) unsigned NOT NULL,
  `language_id` int(10) unsigned NOT NULL,
  `locale` varchar(255) COLLATE utf8_unicode_ci NOT NULL,
  `name` varchar(255) COLLATE utf8_unicode_ci NOT NULL
) ENGINE=InnoDB AUTO_INCREMENT=26 DEFAULT CHARSET=utf8 COLLATE=utf8_unicode_ci;

--
-- Dumping data for table `language_translations`
--

INSERT INTO `language_translations` (`id`, `language_id`, `locale`, `name`) VALUES
(1, 1, 'nl', 'Nederlands'),
(2, 1, 'en', 'Dutch'),
(3, 1, 'fr', 'Néerlandais'),
(4, 1, 'de', 'Holländisch'),
(5, 1, 'es', 'Holandés'),
(6, 2, 'nl', 'Engels'),
(7, 2, 'en', 'English'),
(8, 2, 'fr', 'Anglais'),
(9, 2, 'de', 'Englisch'),
(10, 2, 'es', 'Inglés'),
(11, 3, 'nl', 'Frans'),
(12, 3, 'en', 'French'),
(13, 3, 'fr', 'Français'),
(14, 3, 'de', 'Französisch'),
(15, 3, 'es', 'Francés'),
(16, 4, 'nl', 'Duits'),
(17, 4, 'en', 'German'),
(18, 4, 'fr', 'Allemand'),
(19, 4, 'de', 'Deutsch'),
(20, 4, 'es', 'Alemán'),
(21, 5, 'nl', 'Spaans'),
(22, 5, 'en', 'Spanish'),
(23, 5, 'fr', 'Espagnol'),
(24, 5, 'de', 'Spanisch'),
(25, 5, 'es', 'Español');

-- --------------------------------------------------------

--
-- Table structure for table `migrations`
--

CREATE TABLE IF NOT EXISTS `migrations` (
  `migration` varchar(255) COLLATE utf8_unicode_ci NOT NULL,
  `batch` int(11) NOT NULL
) ENGINE=InnoDB DEFAULT CHARSET=utf8 COLLATE=utf8_unicode_ci;

--
-- Dumping data for table `migrations`
--

INSERT INTO `migrations` (`migration`, `batch`) VALUES
('2014_10_12_000000_create_users_table', 1),
('2014_10_12_100000_create_password_resets_table', 1),
('2015_12_23_082721_entrust_setup_tables', 1),
('2015_12_23_144256_create_modules_table', 1),
('2015_12_30_083328_create_languages_table', 1),
('2016_01_15_113228_create_sessions_table', 1),
('2016_01_15_115055_create_pages_table', 1),
('2016_01_15_143558_create_images_table', 1),
('2016_01_22_120310_create_blocks_table', 1),
('2016_01_23_095415_create_categories_table', 1),
('2016_01_23_113452_create_attributes_table', 1),
('2016_01_23_131030_create_attribute_sets_table', 1),
('2016_01_26_143436_create_attribute_set_attribute_pivot_table', 1),
('2016_01_26_160205_create_products_table', 1),
('2016_01_26_160756_create_category_product_pivot_table', 1),
('2016_01_29_121612_create_attribute_product_pivot_table', 1),
('2016_01_30_100023_create_news_table', 1),
('2016_01_30_110014_create_banners_table', 1),
('2016_01_30_120945_create_settings_table', 1),
('2016_03_04_111204_create_activity_log_table', 1),
('2017_03_22_202552_create_referenties_table', 2);

-- --------------------------------------------------------

--
-- Table structure for table `modules`
--

CREATE TABLE IF NOT EXISTS `modules` (
  `id` int(10) unsigned NOT NULL,
  `name` varchar(255) COLLATE utf8_unicode_ci NOT NULL,
  `display_name` varchar(255) COLLATE utf8_unicode_ci NOT NULL,
  `config` text COLLATE utf8_unicode_ci NOT NULL,
  `active` tinyint(4) NOT NULL,
  `sequence` int(11) NOT NULL,
  `created_at` timestamp NOT NULL DEFAULT '0000-00-00 00:00:00',
  `updated_at` timestamp NOT NULL DEFAULT '0000-00-00 00:00:00'
) ENGINE=InnoDB AUTO_INCREMENT=11 DEFAULT CHARSET=utf8 COLLATE=utf8_unicode_ci;

--
-- Dumping data for table `modules`
--

INSERT INTO `modules` (`id`, `name`, `display_name`, `config`, `active`, `sequence`, `created_at`, `updated_at`) VALUES
(1, 'pages', 'Hoofdpagina''s', '{"active":1,"settings":{"images":{"max_size":10000,"max_images":1,"sizes":{"thumb":{"width":64,"height":64},"small":{"width":200,"height":200},"medium":{"width":450,"height":450},"big":{"width":1000,"height":1000},"bigSlider":{"width":700,"height":700},"icon":{"width":30,"height":30}}}}}', 1, 1, '2016-03-01 21:27:07', '2017-04-24 00:30:12'),
(2, 'subpages', 'Subpagina''s', '{"active":1,"button":1,"settings":{"images":{"max_size":10000,"max_images":1,"sizes":{"thumb":{"width":64,"height":64},"small":{"width":200,"height":200},"medium":{"width":450,"height":450},"big":{"width":1000,"height":1000},"bigSlider":{"width":700,"height":700},"icon":{"width":30,"height":30}}}}}', 1, 2, '2016-03-01 21:27:07', '2017-04-24 00:30:00'),
(3, 'blocks', 'Statische blokken', '{"active":1,"settings":{"images":{"max_size":10000,"max_images":1,"sizes":{"thumb":{"width":64,"height":64},"small":{"width":200,"height":200},"medium":{"width":450,"height":450},"big":{"width":1000,"height":1000}}}}}', 1, 3, '2016-03-01 21:27:07', '2017-04-24 00:30:06'),
(4, 'banners', 'Beheer banners', '{"active":1,"settings":{"images":{"max_size":10000,"max_images":1,"sizes":{"thumb":{"width":64,"height":64},"small":{"width":200,"height":200},"medium":{"width":450,"height":450},"big":{"width":1000,"height":1000},"banner":{"width":1600,"height":1000}}}}}', 1, 4, '2016-03-01 21:27:07', '2017-03-12 23:33:36'),
(5, 'categories', 'Product categorieen', '{"active":1,"settings":{"images":{"max_size":10000,"max_images":1,"sizes":{"thumb":{"width":64,"height":64},"small":{"width":200,"height":200},"medium":{"width":450,"height":450},"big":{"width":1000,"height":1000}}}}}', 0, 5, '2016-03-01 21:27:07', '2017-03-10 05:16:56'),
(6, 'products', 'Producten', '{"active":1,"settings":{"images":{"max_size":10000,"max_images":1,"sizes":{"thumb":{"width":64,"height":64},"small":{"width":200,"height":200},"medium":{"width":450,"height":450},"big":{"width":1000,"height":1000}}}}}', 1, 6, '2016-03-01 21:27:07', '2017-05-09 18:41:38'),
(7, 'projectgroups', 'Projectgroepen', '{"active":1,"settings":{"images":{"max_size":10000,"max_images":1000,"sizes":{"thumb":{"width":64,"height":64},"small":{"width":200,"height":200},"medium":{"width":450,"height":450},"big":{"width":1000,"height":1000}}}}}', 0, 7, '2016-03-01 21:27:07', '2017-06-18 01:21:58'),
(8, 'projects', 'Projecten', '{"active":1,"settings":{"images":{"max_size":10000,"max_images":1000,"sizes":{"thumb":{"width":64,"height":64},"small":{"width":200,"height":200},"medium":{"width":450,"height":450},"big":{"width":1000,"height":1000}}}}}', 1, 8, '2016-03-01 21:27:07', '2017-06-18 00:17:14'),
(9, 'news', 'Nieuws', '{"active":1,"settings":{"images":{"max_size":10000,"max_images":1,"sizes":{"thumb":{"width":64,"height":64},"small":{"width":200,"height":200},"medium":{"width":450,"height":450},"big":{"width":1000,"height":1000}}}}}', 1, 9, '2016-03-01 21:27:07', '2017-05-09 18:43:34'),
(10, 'referenties', 'Referenties', '{"active":1,"settings":{"images":{"max_size":10000,"max_images":1,"sizes":{"thumb":{"width":64,"height":64},"small":{"width":200,"height":200},"medium":{"width":450,"height":450},"big":{"width":1000,"height":1000}}}}}', 1, 10, '2017-04-28 07:40:40', '2017-04-28 02:46:43');

-- --------------------------------------------------------

--
-- Table structure for table `news`
--

CREATE TABLE IF NOT EXISTS `news` (
  `id` int(10) unsigned NOT NULL,
  `sequence` int(11) NOT NULL,
  `active` tinyint(4) NOT NULL,
  `created_at` timestamp NOT NULL DEFAULT '0000-00-00 00:00:00',
  `updated_at` timestamp NOT NULL DEFAULT '0000-00-00 00:00:00'
) ENGINE=InnoDB DEFAULT CHARSET=utf8 COLLATE=utf8_unicode_ci;

-- --------------------------------------------------------

--
-- Table structure for table `news_translations`
--

CREATE TABLE IF NOT EXISTS `news_translations` (
  `id` int(10) unsigned NOT NULL,
  `news_id` int(10) unsigned NOT NULL,
  `locale` varchar(255) COLLATE utf8_unicode_ci NOT NULL,
  `title` varchar(255) COLLATE utf8_unicode_ci NOT NULL,
  `slug` varchar(255) COLLATE utf8_unicode_ci NOT NULL,
  `posted_on` datetime NOT NULL,
  `meta_title` varchar(255) COLLATE utf8_unicode_ci NOT NULL,
  `meta_description` varchar(255) COLLATE utf8_unicode_ci NOT NULL,
  `meta_keywords` varchar(255) COLLATE utf8_unicode_ci NOT NULL,
  `text` text COLLATE utf8_unicode_ci NOT NULL,
  `intro` text COLLATE utf8_unicode_ci NOT NULL
) ENGINE=InnoDB DEFAULT CHARSET=utf8 COLLATE=utf8_unicode_ci;

-- --------------------------------------------------------

--
-- Table structure for table `pages`
--

CREATE TABLE IF NOT EXISTS `pages` (
  `id` int(10) unsigned NOT NULL,
  `parent_id` int(10) unsigned DEFAULT NULL,
  `sequence` int(11) NOT NULL,
  `active` tinyint(4) NOT NULL,
  `created_at` timestamp NOT NULL DEFAULT '0000-00-00 00:00:00',
  `updated_at` timestamp NOT NULL DEFAULT '0000-00-00 00:00:00'
) ENGINE=InnoDB AUTO_INCREMENT=15 DEFAULT CHARSET=utf8 COLLATE=utf8_unicode_ci;

--
-- Dumping data for table `pages`
--

INSERT INTO `pages` (`id`, `parent_id`, `sequence`, `active`, `created_at`, `updated_at`) VALUES
(1, NULL, 1, 1, '2017-06-12 18:16:27', '2017-06-14 03:00:06'),
(2, NULL, 2, 1, '2017-06-12 18:17:25', '2017-07-07 15:34:34'),
(3, NULL, 3, 1, '2017-06-12 18:20:38', '2017-06-14 03:00:10'),
(4, NULL, 4, 1, '2017-06-12 18:21:32', '2017-06-14 03:00:11'),
(5, NULL, 5, 1, '2017-06-12 18:23:36', '2017-06-14 03:00:13'),
(6, NULL, 6, 1, '2017-06-12 18:27:59', '2017-06-14 03:00:14'),
(7, 2, 1, 1, '2017-06-14 14:27:33', '2017-06-14 14:28:28'),
(8, 2, 2, 1, '2017-06-14 14:28:21', '2017-06-14 14:28:33'),
(9, 3, 1, 1, '2017-06-14 14:33:03', '2017-06-14 14:35:47'),
(10, 3, 2, 1, '2017-06-14 14:34:01', '2017-06-14 14:35:48'),
(11, 4, 1, 1, '2017-06-14 14:37:03', '2017-06-14 14:38:02'),
(12, 4, 2, 1, '2017-06-14 14:37:48', '2017-06-14 14:38:02'),
(13, 3, 3, 1, '2017-07-17 19:31:26', '2017-07-17 19:31:41'),
(14, NULL, 7, 1, '2017-07-18 04:31:10', '2017-07-18 04:31:21');

-- --------------------------------------------------------

--
-- Table structure for table `page_translations`
--

CREATE TABLE IF NOT EXISTS `page_translations` (
  `id` int(10) unsigned NOT NULL,
  `page_id` int(10) unsigned NOT NULL,
  `locale` varchar(255) COLLATE utf8_unicode_ci NOT NULL,
  `title` varchar(255) COLLATE utf8_unicode_ci NOT NULL,
  `slug` varchar(255) COLLATE utf8_unicode_ci NOT NULL,
  `meta_title` varchar(255) COLLATE utf8_unicode_ci NOT NULL,
  `meta_description` varchar(255) COLLATE utf8_unicode_ci NOT NULL,
  `meta_keywords` varchar(255) COLLATE utf8_unicode_ci NOT NULL,
  `text` text COLLATE utf8_unicode_ci NOT NULL,
  `intro` text COLLATE utf8_unicode_ci,
  `icon` varchar(255) COLLATE utf8_unicode_ci DEFAULT NULL,
  `icon_extension` varchar(100) COLLATE utf8_unicode_ci DEFAULT NULL
) ENGINE=InnoDB AUTO_INCREMENT=29 DEFAULT CHARSET=utf8 COLLATE=utf8_unicode_ci;

--
-- Dumping data for table `page_translations`
--

INSERT INTO `page_translations` (`id`, `page_id`, `locale`, `title`, `slug`, `meta_title`, `meta_description`, `meta_keywords`, `text`, `intro`, `icon`, `icon_extension`) VALUES
(1, 1, 'nl', 'Home', 'home', 'home', 'home', 'home', '<p>home</p>\r\n', '<p>home</p>\r\n', NULL, NULL),
(2, 1, 'en', 'Home', 'home-1', 'home', 'home', 'home', '<p>home</p>\r\n', '<p>home</p>\r\n', NULL, NULL),
(3, 2, 'nl', 'Organisatie', 'organisatie', 'Organisatie', 'Organisatie', 'Organisatie', '<p>Voor u als detaillist houdt dat in dat uw winkel elke twee &agrave; drie jaar aangepast moet worden aan nieuwe trends en nieuwe meubellijnen.</p>\r\n', '<p>organisatie</p>\r\n', NULL, NULL),
(4, 2, 'en', 'Organization', 'organisatie-1', 'Organization', 'Organization', 'Organization', '<p>Voor u als detaillist houdt dat in dat uw winkel elke twee &agrave; drie jaar aangepast moet worden aan nieuwe trends en nieuwe meubellijnen.</p>\r\n', '<p>lorensum</p>\r\n', NULL, NULL),
(5, 3, 'nl', 'Interieuropbouw', 'interieuropbouw', 'Interieuropbouw', 'Interieuropbouw', 'Interieuropbouw', '<p>Voor u als detaillist houdt dat in dat uw winkel elke twee &agrave; drie jaar aangepast moet worden aan nieuwe trends en nieuwe meubellijnen.</p>\r\n', '<p>Interieuropbouw</p>\r\n', NULL, NULL),
(6, 3, 'en', 'Interieuropbouw', 'interieuropbouw-1', 'lorensum', 'lorensum', 'lorensum', '<p>Voor u als detaillist houdt dat in dat uw winkel elke twee &agrave; drie jaar aangepast moet worden aan nieuwe trends en nieuwe meubellijnen.</p>\r\n', '<p>lorensum</p>\r\n', NULL, NULL),
(7, 4, 'nl', 'Service', 'service', 'service', 'service', 'service', '<p>U verbouwt niet elk jaar, laat staan elke week. Wij wel.<br />\r\nZodoende weten we wat er allemaal bij komt kijken.</p>\r\n', '<p>Service</p>\r\n', NULL, NULL),
(8, 4, 'en', 'Service', 'service-1', 'service', 'service', 'service', '<p>Due to our weekly experience with with building and rebuilding, we know what you need!</p>\r\n', '<p>Service</p>\r\n', NULL, NULL),
(9, 5, 'nl', 'Projecten', 'projecten', 'projecten', 'projecten', 'projecten', '<p>Voor u als detaillist houdt dat in dat uw winkel elke twee &agrave; drie jaar aangepast moet worden aan nieuwe trends en nieuwe meubellijnen.</p>\r\n', '<p>Projecten</p>\r\n', NULL, NULL),
(10, 5, 'en', 'Projects', 'projecten-1', 'Projects', 'Projects', 'Projects', '<p>Voor u als detaillist houdt dat in dat uw winkel elke twee &agrave; drie jaar aangepast moet worden aan nieuwe trends en nieuwe meubellijnen.</p>\r\n', '<p>lorensum</p>\r\n', NULL, NULL),
(11, 6, 'nl', 'Contact', 'contact', 'contact', 'contact', 'contact', '<p>Voor u als detaillist houdt dat in dat uw winkel elke twee &agrave; drie jaar aangepast moet worden aan nieuwe trends en nieuwe meubellijnen.</p>\r\n', '<p>Contact</p>\r\n', NULL, NULL),
(12, 6, 'en', 'Contact', 'contact-1', 'contact', 'contact', 'contact', '<p>Voor u als detaillist houdt dat in dat uw winkel elke twee à drie jaar aangepast moet worden aan nieuwe trends en nieuwe meubellijnen.</p>\r\n', '<p>lorensum</p>\r\n', NULL, NULL),
(13, 7, 'nl', 'West-Friese nuchterheid ', 'column1', 'lorem ipsum1', 'lorem ipsum1', 'lorem ipsum1', '<p>B-Kwadraat is het bedrijf van twee ondernemers uit de kop van Noord-Holland, Ardy Broers (38) en Erwin Rinkel (41). Ardy heeft meer dan tien jaar zijn eigen bedrijf in interieurbouw en Erwin is helemaal thuis in de handel en logistiek. De twee zijn al jarenlang bevriend en hebben in 2007 hun krachten gebundeld in B-Kwadraat. Vriendschap en hard werken zit hun in het bloed. Rekent u daarbij altijd op de West-Friese nuchterheid en u hebt een betrouwbare partner die zich voor de volle 100% voor u inzet.&nbsp;</p>\r\n', '<p>B-Kwadraat is het bedrijf van twee ondernemers uit de kop van Noord-Holland, Ardy Broers (38) en Erwin Rinkel (41). Ardy heeft meer dan tien jaar zijn eigen bedrijf in interieurbouw en Erwin is helemaal thuis in de handel en logistiek. De twee zijn al jarenlang bevriend en hebben in 2007 hun krachten gebundeld in B-Kwadraat. Vriendschap en hard werken zit hun in het bloed. Rekent u daarbij altijd op de West-Friese nuchterheid en u hebt een betrouwbare partner die zich voor de volle 100% voor u inzet.&nbsp;</p>\r\n', NULL, NULL),
(14, 7, 'en', 'column1', 'column1', 'lorem ipsum1', 'lorem ipsum1', 'lorem ipsum1', '<p>&nbsp;</p>\r\n\r\n<p>Lorem ipsum dolor sit amet, consectetur adipiscing elit. Nunc egestas at massa nec viverra. Donec viverra nisi vehicula efficitur mollis. Praesent vitae bibendum ipsum. Nulla facilisi. Nunc erat mauris, posuere rutrum luctus at, rhoncus et ipsum. Aliquam vitae interdum dolor. Etiam a interdum nibh. Fusce augue leo, maximus eu varius vel, laoreet vel nunc.</p>\r\n\r\n<p>&nbsp;</p>\r\n\r\n<p>&nbsp;&nbsp; &nbsp;&nbsp;&nbsp; &nbsp;&nbsp;&nbsp; &nbsp;&nbsp;&nbsp; &nbsp;&nbsp;&nbsp; &nbsp;&nbsp;&nbsp; &nbsp;&nbsp;&nbsp; &nbsp;&nbsp;&nbsp; &nbsp;&nbsp;&nbsp; &nbsp;</p>\r\n\r\n<p>Donec vitae sagittis felis, sit amet lacinia elit. Mauris accumsan vestibulum tellus, vel lacinia diam euismod vitae. In dui tortor, suscipit et magna non, posuere porta magna. Integer nec mi faucibus nulla fermentum scelerisque vel nec est. Nam pharetra efficitur quam, in pretium libero tincidunt a. Nam fermentum justo eu sapien consectetur accumsan. Cras dapibus erat eget velit finibus ornare. Vivamus luctus dolor sapien, in sagittis ipsum imperdiet ut. Praesent eleifend magna rhoncus, elementum sapien et, posuere quam. Nam ut hendrerit</p>\r\n\r\n<p>&nbsp;</p>\r\n', '<p>&nbsp;</p>\r\n\r\n<p>Lorem ipsum dolor sit amet, consectetur adipiscing elit. Nunc egestas at massa nec viverra. Donec viverra nisi vehicula efficitur mollis. Praesent vitae bibendum ipsum. Nulla facilisi. Nunc erat mauris, posuere rutrum luctus at, rhoncus et ipsum. Aliquam vitae interdum dolor. Etiam a interdum nibh. Fusce augue leo, maximus eu varius vel, laoreet vel nunc.</p>\r\n\r\n<p>&nbsp;</p>\r\n\r\n<p>&nbsp;&nbsp; &nbsp;&nbsp;&nbsp; &nbsp;&nbsp;&nbsp; &nbsp;&nbsp;&nbsp; &nbsp;&nbsp;&nbsp; &nbsp;&nbsp;&nbsp; &nbsp;&nbsp;&nbsp; &nbsp;&nbsp;&nbsp; &nbsp;&nbsp;&nbsp; &nbsp;</p>\r\n\r\n<p>Donec vitae sagittis felis, sit amet lacinia elit. Mauris accumsan vestibulum tellus, vel lacinia diam euismod vitae. In dui tortor, suscipit et magna non, posuere porta magna. Integer nec mi faucibus nulla fermentum scelerisque vel nec est. Nam pharetra efficitur quam, in pretium libero tincidunt a. Nam fermentum justo eu sapien consectetur accumsan. Cras dapibus erat eget velit finibus ornare. Vivamus luctus dolor sapien, in sagittis ipsum imperdiet ut. Praesent eleifend magna rhoncus, elementum sapien et, posuere quam. Nam ut hendrerit</p>\r\n\r\n<p>&nbsp;</p>\r\n', NULL, NULL),
(15, 8, 'nl', 'Blok 2', 'column2', 'lorem ipsum2', 'lorem ipsum2', 'lorem ipsum2', '<p>Lorem ipsum dolor sit amet, consectetur adipiscing elit. Nunc egestas at massa nec viverra. Donec viverra nisi vehicula efficitur mollis. Praesent vitae bibendum ipsum. Nulla facilisi. Nunc erat mauris, posuere rutrum luctus at, rhoncus et ipsum. Aliquam vitae interdum dolor. Etiam a interdum nibh. Fusce augue leo, maximus eu varius vel, laoreet vel nunc.</p>\r\n\r\n<p>Donec vitae sagittis felis, sit amet lacinia elit. Mauris accumsan vestibulum tellus, vel lacinia diam euismod vitae. In dui tortor, suscipit et magna non, posuere porta magna. Integer nec mi faucibus nulla fermentum scelerisque vel nec est. Nunc non sapien metus. Suspendisse potenti. Cras sit amet justo sagittis, placerat magna eu, sagittis diam. Duis quis quam ornare, malesuada turpis eget, congue tortor. Nam pharetra efficitur quam, in pretium libero tincidunt a. Nam fermentum justo eu sapien consectetur accumsan. Cras dapibus erat eget velit</p>\r\n\r\n<p>&nbsp;</p>\r\n', '<p>Lorem ipsum dolor sit amet, consectetur adipiscing elit. Nunc egestas at massa nec viverra. Donec viverra nisi vehicula efficitur mollis. Praesent vitae bibendum ipsum. Nulla facilisi. Nunc erat mauris, posuere rutrum luctus at, rhoncus et ipsum. Aliquam vitae interdum dolor. Etiam a interdum nibh. Fusce augue leo, maximus eu varius vel, laoreet vel nunc.&nbsp;</p>\r\n\r\n<p>Donec vitae sagittis felis, sit amet lacinia elit. Mauris accumsan vestibulum tellus, vel lacinia diam euismod vitae. In dui tortor, suscipit et magna non, posuere porta magna. Integer nec mi faucibus nulla fermentum scelerisque vel nec est. Nunc non sapien metus. Suspendisse potenti. Cras sit amet justo sagittis, placerat magna eu, sagittis diam. Duis quis quam ornare, malesuada turpis eget, congue tortor. Nam pharetra efficitur quam, in pretium libero tincidunt a. Nam fermentum justo eu sapien consectetur accumsan. Cras dapibus erat eget velit</p>\r\n\r\n<p>&nbsp;</p>\r\n', NULL, NULL),
(16, 8, 'en', 'column2', 'column2', 'lorem ipsum2', 'lorem ipsum2', 'lorem ipsum2', '<p>&nbsp;</p>\r\n\r\n<p> Lorem ipsum dolor sit amet, consectetur adipiscing elit. Nunc egestas at massa nec viverra. Donec viverra nisi vehicula efficitur mollis. Praesent vitae bibendum ipsum. Nulla facilisi. Nunc erat mauris, posuere rutrum luctus at, rhoncus et ipsum. Aliquam vitae interdum dolor. Etiam a interdum nibh. Fusce augue leo, maximus eu varius vel, laoreet vel nunc. </p>\r\n\r\n<p>&nbsp;</p>\r\n\r\n<p>&nbsp;&nbsp; &nbsp;&nbsp;&nbsp; &nbsp;&nbsp;&nbsp; &nbsp;&nbsp;&nbsp; &nbsp;&nbsp;&nbsp; &nbsp;&nbsp;&nbsp; &nbsp;&nbsp;&nbsp; &nbsp;&nbsp;&nbsp; &nbsp;&nbsp;&nbsp; &nbsp;</p>\r\n\r\n<p> Donec vitae sagittis felis, sit amet lacinia elit. Mauris accumsan vestibulum tellus, vel lacinia diam euismod vitae. In dui tortor, suscipit et magna non, posuere porta magna. Integer nec mi faucibus nulla fermentum scelerisque vel nec est. Nunc non sapien metus. Suspendisse potenti. Cras sit amet justo sagittis, placerat magna eu, sagittis diam. Duis quis quam ornare, malesuada turpis eget, congue tortor. Nam pharetra efficitur quam, in pretium libero tincidunt a. Nam fermentum justo eu sapien consectetur accumsan. Cras dapibus erat eget velit </p>\r\n\r\n<p>&nbsp;</p>\r\n', '<p>&nbsp;</p>\r\n\r\n<p>Lorem ipsum dolor sit amet, consectetur adipiscing elit. Nunc egestas at massa nec viverra. Donec viverra nisi vehicula efficitur mollis. Praesent vitae bibendum ipsum. Nulla facilisi. Nunc erat mauris, posuere rutrum luctus at, rhoncus et ipsum. Aliquam vitae interdum dolor. Etiam a interdum nibh. Fusce augue leo, maximus eu varius vel, laoreet vel nunc.</p>\r\n\r\n<p>&nbsp;</p>\r\n\r\n<p>&nbsp;&nbsp; &nbsp;&nbsp;&nbsp; &nbsp;&nbsp;&nbsp; &nbsp;&nbsp;&nbsp; &nbsp;&nbsp;&nbsp; &nbsp;&nbsp;&nbsp; &nbsp;&nbsp;&nbsp; &nbsp;&nbsp;&nbsp; &nbsp;&nbsp;&nbsp; &nbsp;</p>\r\n\r\n<p>Donec vitae sagittis felis, sit amet lacinia elit. Mauris accumsan vestibulum tellus, vel lacinia diam euismod vitae. In dui tortor, suscipit et magna non, posuere porta magna. Integer nec mi faucibus nulla fermentum scelerisque vel nec est. Nunc non sapien metus. Suspendisse potenti. Cras sit amet justo sagittis, placerat magna eu, sagittis diam. Duis quis quam ornare, malesuada turpis eget, congue tortor. Nam pharetra efficitur quam, in pretium libero tincidunt a. Nam fermentum justo eu sapien consectetur accumsan. Cras dapibus erat eget velit</p>\r\n\r\n<p>&nbsp;</p>\r\n', NULL, NULL),
(17, 9, 'nl', 'Altijd met de mode mee', 'interieurop-bouw', 'Interieurop bouw', 'Interieurop bouw', 'Interieurop bouw', '<p>Lorem ipsum dolor sit amet, consectetur adipiscing elit. Nunc egestas at massa nec viverra. Donec viverra nisi vehicula efficitur mollis. Praesent vitae bibendum ipsum. Nulla facilisi. Nunc erat mauris, posuere rutrum luctus at, rhoncus et ipsum. Aliquam vitae interdum dolor. Etiam a interdum nibh. Fusce augue leo, maximus eu varius vel, laoreet vel nunc.</p>\r\n\r\n<p>Donec vitae sagittis felis, sit amet lacinia elit. Mauris accumsan vestibulum tellus, vel lacinia diam euismod vitae. In dui tortor, suscipit et magna non, posuere porta magna. Integer nec mi faucibus nulla fermentum scelerisque vel nec est. Nam pharetra efficitur quam, in pretium libero tincidunt a. Nam fermentum justo eu sapien consectetur accumsan. Cras dapibus erat eget velit finibus ornare. Vivamus luctus dolor sapien, in sagittis ipsum imperdiet ut. Praesent eleifend magna rhoncus, elementum sapien et, posuere quam. Nam ut hendrerit</p>\r\n', '<p>Lorem ipsum dolor sit amet, consectetur adipiscing elit. Nunc egestas at massa nec viverra. Donec viverra nisi vehicula efficitur mollis. Praesent vitae bibendum ipsum. Nulla facilisi. Nunc erat mauris, posuere rutrum luctus at, rhoncus et ipsum. Aliquam vitae interdum dolor. Etiam a interdum nibh. Fusce augue leo, maximus eu varius vel, laoreet vel nunc.</p>\r\n\r\n<p>Donec vitae sagittis felis, sit amet lacinia elit. Mauris accumsan vestibulum tellus, vel lacinia diam euismod vitae. In dui tortor, suscipit et magna non, posuere porta magna. Integer nec mi faucibus nulla fermentum scelerisque vel nec est. Nam pharetra efficitur quam, in pretium libero tincidunt a. Nam fermentum justo eu sapien consectetur accumsan. Cras dapibus erat eget velit finibus ornare. Vivamus luctus dolor sapien, in sagittis ipsum imperdiet ut. Praesent eleifend magna rhoncus, elementum sapien et, posuere quam. Nam ut hendrerit</p>\r\n', NULL, NULL),
(18, 9, 'en', 'Interieuropbouw', 'interieuropbouw', 'Interieurop bouw', 'Interieurop bouw', 'Interieurop bouw', '<p>Lorem ipsum dolor sit amet, consectetur adipiscing elit. Nunc egestas at massa nec viverra. Donec viverra nisi vehicula efficitur mollis. Praesent vitae bibendum ipsum. Nulla facilisi. Nunc erat mauris, posuere rutrum luctus at, rhoncus et ipsum. Aliquam vitae interdum dolor. Etiam a interdum nibh. Fusce augue leo, maximus eu varius vel, laoreet vel nunc.</p>\r\n\r\n<p>Donec vitae sagittis felis, sit amet lacinia elit. Mauris accumsan vestibulum tellus, vel lacinia diam euismod vitae. In dui tortor, suscipit et magna non, posuere porta magna. Integer nec mi faucibus nulla fermentum scelerisque vel nec est. Nam pharetra efficitur quam, in pretium libero tincidunt a. Nam fermentum justo eu sapien consectetur accumsan. Cras dapibus erat eget velit finibus ornare. Vivamus luctus dolor sapien, in sagittis ipsum imperdiet ut. Praesent eleifend magna rhoncus, elementum sapien et, posuere quam. Nam ut hendrerit</p>\r\n', '<p>Lorem ipsum dolor sit amet, consectetur adipiscing elit. Nunc egestas at massa nec viverra. Donec viverra nisi vehicula efficitur mollis. Praesent vitae bibendum ipsum. Nulla facilisi. Nunc erat mauris, posuere rutrum luctus at, rhoncus et ipsum. Aliquam vitae interdum dolor. Etiam a interdum nibh. Fusce augue leo, maximus eu varius vel, laoreet vel nunc.</p>\r\n\r\n<p>Donec vitae sagittis felis, sit amet lacinia elit. Mauris accumsan vestibulum tellus, vel lacinia diam euismod vitae. In dui tortor, suscipit et magna non, posuere porta magna. Integer nec mi faucibus nulla fermentum scelerisque vel nec est. Nam pharetra efficitur quam, in pretium libero tincidunt a. Nam fermentum justo eu sapien consectetur accumsan. Cras dapibus erat eget velit finibus ornare. Vivamus luctus dolor sapien, in sagittis ipsum imperdiet ut. Praesent eleifend magna rhoncus, elementum sapien et, posuere quam. Nam ut hendrerit</p>\r\n', NULL, NULL),
(19, 10, 'nl', 'Blok 2', 'column-Interieurop2', 'lorem ipsum', 'lorem ipsum', 'lorem ipsum', '<p>Lorem ipsum dolor sit amet, consectetur adipiscing elit. Nunc egestas at massa nec viverra. Donec viverra nisi vehicula efficitur mollis. Praesent vitae bibendum ipsum. Nulla facilisi. Nunc erat mauris, posuere rutrum luctus at, rhoncus et ipsum. Aliquam vitae interdum dolor. Etiam a interdum nibh. Fusce augue leo, maximus eu varius vel, laoreet vel nunc.</p>\r\n\r\n<p>Donec vitae sagittis felis, sit amet lacinia elit. Mauris accumsan vestibulum tellus, vel lacinia diam euismod vitae. In dui tortor, suscipit et magna non, posuere porta magna. Integer nec mi faucibus nulla fermentum scelerisque vel nec est. Nunc non sapien metus. Suspendisse potenti. Cras sit amet justo sagittis, placerat magna eu, sagittis diam. Duis quis quam ornare, malesuada turpis eget, congue tortor. Nam pharetra efficitur quam, in pretium libero tincidunt a. Nam fermentum justo eu sapien consectetur accumsan. Cras dapibus erat eget velit</p>\r\n', '<p>Lorem ipsum dolor sit amet, consectetur adipiscing elit. Nunc egestas at massa nec viverra. Donec viverra nisi vehicula efficitur mollis. Praesent vitae bibendum ipsum. Nulla facilisi. Nunc erat mauris, posuere rutrum luctus at, rhoncus et ipsum. Aliquam vitae interdum dolor. Etiam a interdum nibh. Fusce augue leo, maximus eu varius vel, laoreet vel nunc.</p>\r\n\r\n<p>Donec vitae sagittis felis, sit amet lacinia elit. Mauris accumsan vestibulum tellus, vel lacinia diam euismod vitae. In dui tortor, suscipit et magna non, posuere porta magna. Integer nec mi faucibus nulla fermentum scelerisque vel nec est. Nunc non sapien metus. Suspendisse potenti. Cras sit amet justo sagittis, placerat magna eu, sagittis diam. Duis quis quam ornare, malesuada turpis eget, congue tortor. Nam pharetra efficitur quam, in pretium libero tincidunt a. Nam fermentum justo eu sapien consectetur accumsan. Cras dapibus erat eget velit</p>\r\n', NULL, NULL),
(20, 10, 'en', 'column2', 'column-Interieurop2', 'lorem ipsum', 'lorem ipsum', 'lorem ipsum', '<p>Lorem ipsum dolor sit amet, consectetur adipiscing elit. Nunc egestas at massa nec viverra. Donec viverra nisi vehicula efficitur mollis. Praesent vitae bibendum ipsum. Nulla facilisi. Nunc erat mauris, posuere rutrum luctus at, rhoncus et ipsum. Aliquam vitae interdum dolor. Etiam a interdum nibh. Fusce augue leo, maximus eu varius vel, laoreet vel nunc. </p>\r\n\r\n									<p>Donec vitae sagittis felis, sit amet lacinia elit. Mauris accumsan vestibulum tellus, vel lacinia diam euismod vitae. In dui tortor, suscipit et magna non, posuere porta magna. Integer nec mi faucibus nulla fermentum scelerisque vel nec est. Nunc non sapien metus. Suspendisse potenti. Cras sit amet justo sagittis, placerat magna eu, sagittis diam. Duis quis quam ornare, malesuada turpis eget, congue tortor. Nam pharetra efficitur quam, in pretium libero tincidunt a. Nam fermentum justo eu sapien consectetur accumsan. Cras dapibus erat eget velit</p>', '<p>Lorem ipsum dolor sit amet, consectetur adipiscing elit. Nunc egestas at massa nec viverra. Donec viverra nisi vehicula efficitur mollis. Praesent vitae bibendum ipsum. Nulla facilisi. Nunc erat mauris, posuere rutrum luctus at, rhoncus et ipsum. Aliquam vitae interdum dolor. Etiam a interdum nibh. Fusce augue leo, maximus eu varius vel, laoreet vel nunc. </p>\r\n\r\n									<p>Donec vitae sagittis felis, sit amet lacinia elit. Mauris accumsan vestibulum tellus, vel lacinia diam euismod vitae. In dui tortor, suscipit et magna non, posuere porta magna. Integer nec mi faucibus nulla fermentum scelerisque vel nec est. Nunc non sapien metus. Suspendisse potenti. Cras sit amet justo sagittis, placerat magna eu, sagittis diam. Duis quis quam ornare, malesuada turpis eget, congue tortor. Nam pharetra efficitur quam, in pretium libero tincidunt a. Nam fermentum justo eu sapien consectetur accumsan. Cras dapibus erat eget velit</p>', NULL, NULL),
(21, 11, 'nl', 'Aanvullende diensten', 'column-service1', 'lorem ipsum1', 'lorem ipsum1', 'lorem ipsum1', '<p>U verbouwt niet elk jaar, laat staan elke week. Wij wel. Zodoende weten we wat er allemaal bij komt kijken. Wij hebben ons erop toegelegd om allerlei zaken rond een montage- of fit out klus goed voor u te regelen. Deze totaalzorg scheelt u veel werk en vooral veel kopzorgen. Profiteer van onze ervaring!</p>\r\n', '<p>U verbouwt niet elk jaar, laat staan elke week. Wij wel. Zodoende weten we wat er allemaal bij komt kijken. Wij hebben ons erop toegelegd om allerlei zaken rond een montage- of fit out klus goed voor u te regelen. Deze totaalzorg scheelt u veel werk en vooral veel kopzorgen. Profiteer van onze ervaring!</p>\r\n', NULL, NULL),
(22, 11, 'en', 'column1', 'column-service1', 'lorem ipsum1', 'lorem ipsum1', 'lorem ipsum1', '<p>Lorem ipsum dolor sit amet, consectetur adipiscing elit. Nunc egestas at massa nec viverra. Donec viverra nisi vehicula efficitur mollis. Praesent vitae bibendum ipsum. Nulla facilisi. Nunc erat mauris, posuere rutrum luctus at, rhoncus et ipsum. Aliquam vitae interdum dolor. Etiam a interdum nibh. Fusce augue leo, maximus eu varius vel, laoreet vel nunc. </p>\r\n\r\n									<p>Donec vitae sagittis felis, sit amet lacinia elit. Mauris accumsan vestibulum tellus, vel lacinia diam euismod vitae. In dui tortor, suscipit et magna non, posuere porta magna. Integer nec mi faucibus nulla fermentum scelerisque vel nec est. Nam pharetra efficitur quam, in pretium libero tincidunt a. Nam fermentum justo eu sapien consectetur accumsan. Cras dapibus erat eget velit finibus ornare. Vivamus luctus dolor sapien, in sagittis ipsum imperdiet ut. Praesent eleifend magna rhoncus, elementum sapien et, posuere quam. Nam ut hendrerit </p>', '<p>Lorem ipsum dolor sit amet, consectetur adipiscing elit. Nunc egestas at massa nec viverra. Donec viverra nisi vehicula efficitur mollis. Praesent vitae bibendum ipsum. Nulla facilisi. Nunc erat mauris, posuere rutrum luctus at, rhoncus et ipsum. Aliquam vitae interdum dolor. Etiam a interdum nibh. Fusce augue leo, maximus eu varius vel, laoreet vel nunc. </p>\r\n\r\n									<p>Donec vitae sagittis felis, sit amet lacinia elit. Mauris accumsan vestibulum tellus, vel lacinia diam euismod vitae. In dui tortor, suscipit et magna non, posuere porta magna. Integer nec mi faucibus nulla fermentum scelerisque vel nec est. Nam pharetra efficitur quam, in pretium libero tincidunt a. Nam fermentum justo eu sapien consectetur accumsan. Cras dapibus erat eget velit finibus ornare. Vivamus luctus dolor sapien, in sagittis ipsum imperdiet ut. Praesent eleifend magna rhoncus, elementum sapien et, posuere quam. Nam ut hendrerit </p>', NULL, NULL),
(23, 12, 'nl', 'column2', 'column-service2', 'lorem ipsum2', 'lorem ipsum2', 'lorem ipsum2', '<p>Lorem ipsum dolor sit amet, consectetur adipiscing elit. Nunc egestas at massa nec viverra. Donec viverra nisi vehicula efficitur mollis. Praesent vitae bibendum ipsum. Nulla facilisi. Nunc erat mauris, posuere rutrum luctus at, rhoncus et ipsum. Aliquam vitae interdum dolor. Etiam a interdum nibh. Fusce augue leo, maximus eu varius vel, laoreet vel nunc.</p>\r\n\r\n<p>Donec vitae sagittis felis, sit amet lacinia elit. Mauris accumsan vestibulum tellus, vel lacinia diam euismod vitae. In dui tortor, suscipit et magna non, posuere porta magna. Integer nec mi faucibus nulla fermentum scelerisque vel nec est. Nam pharetra efficitur quam, in pretium libero tincidunt a. Nam fermentum justo eu sapien consectetur accumsan. Cras dapibus erat eget velit finibus ornare. Vivamus luctus dolor sapien, in sagittis ipsum imperdiet ut. Praesent eleifend magna rhoncus, elementum sapien et, posuere quam. Nam ut hendrerit</p>\r\n', '<p>Lorem ipsum dolor sit amet, consectetur adipiscing elit. Nunc egestas at massa nec viverra. Donec viverra nisi vehicula efficitur mollis. Praesent vitae bibendum ipsum. Nulla facilisi. Nunc erat mauris, posuere rutrum luctus at, rhoncus et ipsum. Aliquam vitae interdum dolor. Etiam a interdum nibh. Fusce augue leo, maximus eu varius vel, laoreet vel nunc.</p>\r\n\r\n<p>Donec vitae sagittis felis, sit amet lacinia elit. Mauris accumsan vestibulum tellus, vel lacinia diam euismod vitae. In dui tortor, suscipit et magna non, posuere porta magna. Integer nec mi faucibus nulla fermentum scelerisque vel nec est. Nam pharetra efficitur quam, in pretium libero tincidunt a. Nam fermentum justo eu sapien consectetur accumsan. Cras dapibus erat eget velit finibus ornare. Vivamus luctus dolor sapien, in sagittis ipsum imperdiet ut. Praesent eleifend magna rhoncus, elementum sapien et, posuere quam. Nam ut hendrerit</p>\r\n', NULL, NULL),
(24, 12, 'en', 'column2', 'column-service2', 'lorem ipsum2', 'lorem ipsum2', 'lorem ipsum2', '<p>Lorem ipsum dolor sit amet, consectetur adipiscing elit. Nunc egestas at massa nec viverra. Donec viverra nisi vehicula efficitur mollis. Praesent vitae bibendum ipsum. Nulla facilisi. Nunc erat mauris, posuere rutrum luctus at, rhoncus et ipsum. Aliquam vitae interdum dolor. Etiam a interdum nibh. Fusce augue leo, maximus eu varius vel, laoreet vel nunc. </p>\r\n\r\n									<p>Donec vitae sagittis felis, sit amet lacinia elit. Mauris accumsan vestibulum tellus, vel lacinia diam euismod vitae. In dui tortor, suscipit et magna non, posuere porta magna. Integer nec mi faucibus nulla fermentum scelerisque vel nec est. Nam pharetra efficitur quam, in pretium libero tincidunt a. Nam fermentum justo eu sapien consectetur accumsan. Cras dapibus erat eget velit finibus ornare. Vivamus luctus dolor sapien, in sagittis ipsum imperdiet ut. Praesent eleifend magna rhoncus, elementum sapien et, posuere quam. Nam ut hendrerit </p>', '<p>Lorem ipsum dolor sit amet, consectetur adipiscing elit. Nunc egestas at massa nec viverra. Donec viverra nisi vehicula efficitur mollis. Praesent vitae bibendum ipsum. Nulla facilisi. Nunc erat mauris, posuere rutrum luctus at, rhoncus et ipsum. Aliquam vitae interdum dolor. Etiam a interdum nibh. Fusce augue leo, maximus eu varius vel, laoreet vel nunc. </p>\r\n\r\n									<p>Donec vitae sagittis felis, sit amet lacinia elit. Mauris accumsan vestibulum tellus, vel lacinia diam euismod vitae. In dui tortor, suscipit et magna non, posuere porta magna. Integer nec mi faucibus nulla fermentum scelerisque vel nec est. Nam pharetra efficitur quam, in pretium libero tincidunt a. Nam fermentum justo eu sapien consectetur accumsan. Cras dapibus erat eget velit finibus ornare. Vivamus luctus dolor sapien, in sagittis ipsum imperdiet ut. Praesent eleifend magna rhoncus, elementum sapien et, posuere quam. Nam ut hendrerit </p>', NULL, NULL),
(25, 13, 'nl', 'Test', 'test', 'test', 'test', 'test', '<p>test</p>\r\n', '<p>test</p>\r\n', NULL, NULL),
(26, 13, 'en', 'Test', 'test-1', 'test', 'test', 'test', '<p>test</p>\r\n', '<p>test</p>\r\n', NULL, NULL),
(27, 14, 'nl', '404', '404', '404 NOT FOUND', '404 NOT FOUND', '404 NOT FOUND', '<p>Helaas! De pagina die u zoekt kan niet worden gevonden.</p>\r\n', '<p>404</p>\r\n', NULL, NULL),
(28, 14, 'en', '404', '404-1', '404 NOT FOUND', '404 NOT FOUND', '404 NOT FOUND', '<p>Helaas! De pagina die u zoekt kan niet worden gevonden.</p>\r\n', '<p>404</p>\r\n', NULL, NULL);

-- --------------------------------------------------------

--
-- Table structure for table `password_resets`
--

CREATE TABLE IF NOT EXISTS `password_resets` (
  `email` varchar(255) COLLATE utf8_unicode_ci NOT NULL,
  `token` varchar(255) COLLATE utf8_unicode_ci NOT NULL,
  `created_at` timestamp NOT NULL DEFAULT '0000-00-00 00:00:00'
) ENGINE=InnoDB DEFAULT CHARSET=utf8 COLLATE=utf8_unicode_ci;

-- --------------------------------------------------------

--
-- Table structure for table `permissions`
--

CREATE TABLE IF NOT EXISTS `permissions` (
  `id` int(10) unsigned NOT NULL,
  `name` varchar(255) COLLATE utf8_unicode_ci NOT NULL,
  `display_name` varchar(255) COLLATE utf8_unicode_ci DEFAULT NULL,
  `description` varchar(255) COLLATE utf8_unicode_ci DEFAULT NULL,
  `sequence` int(11) NOT NULL,
  `created_at` timestamp NOT NULL DEFAULT '0000-00-00 00:00:00',
  `updated_at` timestamp NOT NULL DEFAULT '0000-00-00 00:00:00'
) ENGINE=InnoDB AUTO_INCREMENT=67 DEFAULT CHARSET=utf8 COLLATE=utf8_unicode_ci;

--
-- Dumping data for table `permissions`
--

INSERT INTO `permissions` (`id`, `name`, `display_name`, `description`, `sequence`, `created_at`, `updated_at`) VALUES
(1, 'access-permission', 'Rechten beheren', '', 0, '2016-03-01 21:27:07', '2016-03-01 21:27:07'),
(2, 'create-permission', 'Rechten toevoegen', '', 1, '2016-03-01 21:27:07', '2016-03-01 21:27:07'),
(3, 'edit-permission', 'Rechten bewerken', '', 2, '2016-03-01 21:27:07', '2016-03-01 21:27:07'),
(4, 'delete-permission', 'Rechten verwijderen', '', 3, '2016-03-01 21:27:07', '2016-03-01 21:27:07'),
(5, 'access-role', 'Rollen beheren', '', 4, '2016-03-01 21:27:07', '2016-03-01 21:27:07'),
(6, 'create-role', 'Rollen toevoegen', '', 5, '2016-03-01 21:27:07', '2016-03-01 21:27:07'),
(7, 'edit-role', 'Rollen bewerken', '', 6, '2016-03-01 21:27:07', '2016-03-01 21:27:07'),
(8, 'delete-role', 'Rollen verwijderen', '', 7, '2016-03-01 21:27:07', '2016-03-01 21:27:07'),
(9, 'access-user', 'Gebruikers beheren', '', 8, '2016-03-01 21:27:07', '2016-03-01 21:27:07'),
(10, 'create-user', 'Gebruikers toevoegen', '', 9, '2016-03-01 21:27:07', '2016-03-01 21:27:07'),
(11, 'edit-user', 'Gebruikers bewerken', '', 10, '2016-03-01 21:27:07', '2016-03-01 21:27:07'),
(12, 'delete-user', 'Gebruikers verwijderen', '', 11, '2016-03-01 21:27:07', '2016-03-01 21:27:07'),
(13, 'access-page', 'Pagina''s beheren', '', 12, '2016-03-01 21:27:07', '2016-03-01 21:27:07'),
(14, 'create-page', 'Pagina''s toevoegen', '', 13, '2016-03-01 21:27:07', '2016-03-01 21:27:07'),
(15, 'edit-page', 'Pagina''s bewerken', '', 14, '2016-03-01 21:27:07', '2016-03-01 21:27:07'),
(16, 'delete-page', 'Pagina''s verwijderen', '', 15, '2016-03-01 21:27:07', '2016-03-01 21:27:07'),
(17, 'access-subpage', 'Subpagina''s beheren', '', 16, '2016-03-01 21:27:07', '2016-03-01 21:27:07'),
(18, 'create-subpage', 'Subpagina''s toevoegen', '', 17, '2016-03-01 21:27:07', '2016-03-01 21:27:07'),
(19, 'edit-subpage', 'Subpagina''s bewerken', '', 18, '2016-03-01 21:27:07', '2016-03-01 21:27:07'),
(20, 'delete-subpage', 'Subpagina''s verwijderen', '', 19, '2016-03-01 21:27:07', '2016-03-01 21:27:07'),
(21, 'access-block', 'Statische blokken beheren', '', 20, '2016-03-01 21:27:07', '2016-03-01 21:27:07'),
(22, 'create-block', 'Statische blokken toevoegen', '', 21, '2016-03-01 21:27:07', '2016-03-01 21:27:07'),
(23, 'edit-block', 'Statische blokken bewerken', '', 22, '2016-03-01 21:27:07', '2016-03-01 21:27:07'),
(24, 'delete-block', 'Statische blokken verwijderen', '', 23, '2016-03-01 21:27:07', '2016-03-01 21:27:07'),
(25, 'access-banner', 'Banners beheren', '', 24, '2016-03-01 21:27:07', '2016-03-01 21:27:07'),
(26, 'create-banner', 'Banners toevoegen', '', 25, '2016-03-01 21:27:07', '2016-03-01 21:27:07'),
(27, 'edit-banner', 'Banners bewerken', '', 26, '2016-03-01 21:27:07', '2016-03-01 21:27:07'),
(28, 'delete-banner', 'Banners verwijderen', '', 27, '2016-03-01 21:27:07', '2016-03-01 21:27:07'),
(29, 'access-category', 'Product categorieen beheren', '', 28, '2016-03-01 21:27:07', '2016-03-01 21:27:07'),
(30, 'create-category', 'Product categorieen toevoegen', '', 29, '2016-03-01 21:27:07', '2016-03-01 21:27:07'),
(31, 'edit-category', 'Product categorieen bewerken', '', 30, '2016-03-01 21:27:07', '2016-03-01 21:27:07'),
(32, 'delete-category', 'Product categorieen verwijderen', '', 31, '2016-03-01 21:27:07', '2016-03-01 21:27:07'),
(33, 'access-product', 'Producten beheren', '', 32, '2016-03-01 21:27:07', '2016-03-01 21:27:07'),
(34, 'create-product', 'Producten toevoegen', '', 33, '2016-03-01 21:27:07', '2016-03-01 21:27:07'),
(35, 'edit-product', 'Producten bewerken', '', 34, '2016-03-01 21:27:07', '2016-03-01 21:27:07'),
(36, 'delete-product', 'Producten verwijderen', '', 35, '2016-03-01 21:27:07', '2016-03-01 21:27:07'),
(37, 'access-attribute', 'Attributen beheren', '', 36, '2016-03-01 21:27:07', '2016-03-01 21:27:07'),
(38, 'create-attribute', 'Attribuut toevoegen', '', 37, '2016-03-01 21:27:07', '2016-03-01 21:27:07'),
(39, 'edit-attribute', 'Attribuut bewerken', '', 38, '2016-03-01 21:27:07', '2016-03-01 21:27:07'),
(40, 'delete-attribute', 'Attributen verwijderen', '', 39, '2016-03-01 21:27:07', '2016-03-01 21:27:07'),
(41, 'access-attributeset', 'Attributen set beheren', '', 40, '2016-03-01 21:27:07', '2016-03-01 21:27:07'),
(42, 'create-attributeset', 'Attributen set toevoegen', '', 41, '2016-03-01 21:27:07', '2016-03-01 21:27:07'),
(43, 'edit-attributeset', 'Attributen set bewerken', '', 42, '2016-03-01 21:27:07', '2016-03-01 21:27:07'),
(44, 'delete-attributeset', 'Attributen set verwijderen', '', 43, '2016-03-01 21:27:07', '2016-03-01 21:27:07'),
(45, 'access-projectgroup', 'Projectgroepen beheren', '', 44, '2016-03-01 21:27:07', '2016-03-01 21:27:07'),
(46, 'create-projectgroup', 'Projectgroepen toevoegen', '', 45, '2016-03-01 21:27:07', '2016-03-01 21:27:07'),
(47, 'edit-projectgroup', 'Projectgroepen bewerken', '', 46, '2016-03-01 21:27:07', '2016-03-01 21:27:07'),
(48, 'delete-projectgroup', 'Projectgroepen verwijderen', '', 47, '2016-03-01 21:27:07', '2016-03-01 21:27:07'),
(49, 'access-project', 'Projecten beheren', '', 48, '2016-03-01 21:27:07', '2016-03-01 21:27:07'),
(50, 'create-project', 'Projecten toevoegen', '', 49, '2016-03-01 21:27:07', '2016-03-01 21:27:07'),
(51, 'edit-project', 'Projecten bewerken', '', 50, '2016-03-01 21:27:07', '2016-03-01 21:27:07'),
(52, 'delete-project', 'Projecten verwijderen', '', 51, '2016-03-01 21:27:07', '2016-03-01 21:27:07'),
(53, 'access-news', 'Nieuws beheren', '', 52, '2016-03-01 21:27:07', '2016-03-01 21:27:07'),
(54, 'create-news', 'Nieuws toevoegen', '', 53, '2016-03-01 21:27:07', '2016-03-01 21:27:07'),
(55, 'edit-news', 'Nieuws bewerken', '', 54, '2016-03-01 21:27:07', '2016-03-01 21:27:07'),
(56, 'delete-news', 'Nieuws verwijderen', '', 55, '2016-03-01 21:27:07', '2016-03-01 21:27:07'),
(57, 'access-setting', 'Instellingen beheren', '', 56, '2016-03-01 21:27:07', '2016-03-01 21:27:07'),
(58, 'edit-setting', 'Instellingen bewerken', '', 57, '2016-03-01 21:27:07', '2016-03-01 21:27:07'),
(59, 'reset-admin-password', 'Herstel admin wachtwoord ', '', 58, '2016-03-01 21:27:07', '2016-03-01 21:27:07'),
(60, 'access-topmenu', 'topmenu beheren', ' -', 0, '2017-03-13 00:19:31', '2017-03-13 00:19:31'),
(61, 'edit-topmenu', 'Topmenu bewerken', '-', 0, '2017-03-13 00:20:15', '2017-03-13 00:20:15'),
(62, 'access-funda', 'funda beheren', '-', 0, '2017-03-13 01:07:54', '2017-03-13 01:07:54'),
(63, 'edit-funda', 'Funda bewerken', '-', 0, '2017-03-13 01:08:31', '2017-03-13 01:08:31'),
(64, 'create-referenties', 'referenties   toevoegen', ' referenties', 0, '2017-03-23 11:07:23', '2017-03-23 11:07:23'),
(65, 'edit-referenties', 'referenties bewerken', 'referenties ', 0, '2017-03-23 11:08:14', '2017-03-23 11:08:14'),
(66, 'delete-referenties ', 'referenties verwijderen', 'referenties ', 0, '2017-03-23 11:09:11', '2017-03-23 11:09:11');

-- --------------------------------------------------------

--
-- Table structure for table `permission_role`
--

CREATE TABLE IF NOT EXISTS `permission_role` (
  `permission_id` int(10) unsigned NOT NULL,
  `role_id` int(10) unsigned NOT NULL
) ENGINE=InnoDB DEFAULT CHARSET=utf8 COLLATE=utf8_unicode_ci;

--
-- Dumping data for table `permission_role`
--

INSERT INTO `permission_role` (`permission_id`, `role_id`) VALUES
(59, 2),
(13, 3),
(14, 3),
(15, 3),
(16, 3),
(17, 3),
(18, 3),
(19, 3),
(20, 3),
(21, 3),
(22, 3),
(23, 3),
(24, 3),
(25, 3),
(26, 3),
(27, 3),
(28, 3),
(57, 3),
(58, 3),
(59, 3),
(64, 3),
(65, 3),
(66, 3);

-- --------------------------------------------------------

--
-- Table structure for table `products`
--

CREATE TABLE IF NOT EXISTS `products` (
  `id` int(10) unsigned NOT NULL,
  `attribute_set_id` int(10) unsigned NOT NULL,
  `price` double NOT NULL,
  `active` tinyint(4) NOT NULL,
  `created_at` timestamp NOT NULL DEFAULT '0000-00-00 00:00:00',
  `updated_at` timestamp NOT NULL DEFAULT '0000-00-00 00:00:00'
) ENGINE=InnoDB DEFAULT CHARSET=utf8 COLLATE=utf8_unicode_ci;

-- --------------------------------------------------------

--
-- Table structure for table `product_translations`
--

CREATE TABLE IF NOT EXISTS `product_translations` (
  `id` int(10) unsigned NOT NULL,
  `product_id` int(10) unsigned NOT NULL,
  `locale` varchar(255) COLLATE utf8_unicode_ci NOT NULL,
  `slug` varchar(255) COLLATE utf8_unicode_ci NOT NULL,
  `name` varchar(255) COLLATE utf8_unicode_ci NOT NULL,
  `intro` text COLLATE utf8_unicode_ci NOT NULL,
  `text` text COLLATE utf8_unicode_ci NOT NULL,
  `meta_title` varchar(255) COLLATE utf8_unicode_ci NOT NULL,
  `meta_description` varchar(255) COLLATE utf8_unicode_ci NOT NULL,
  `meta_keywords` varchar(255) COLLATE utf8_unicode_ci NOT NULL
) ENGINE=InnoDB DEFAULT CHARSET=utf8 COLLATE=utf8_unicode_ci;

-- --------------------------------------------------------

--
-- Table structure for table `projects`
--

CREATE TABLE IF NOT EXISTS `projects` (
  `id` int(10) unsigned NOT NULL,
  `sequence` int(11) NOT NULL,
  `active` tinyint(4) NOT NULL,
  `created_at` timestamp NOT NULL DEFAULT '0000-00-00 00:00:00',
  `updated_at` timestamp NOT NULL DEFAULT '0000-00-00 00:00:00'
) ENGINE=InnoDB AUTO_INCREMENT=7 DEFAULT CHARSET=utf8 COLLATE=utf8_unicode_ci;

--
-- Dumping data for table `projects`
--

INSERT INTO `projects` (`id`, `sequence`, `active`, `created_at`, `updated_at`) VALUES
(4, 1, 1, '2017-06-18 00:54:41', '2017-07-13 14:51:38'),
(5, 2, 1, '2017-06-18 01:24:06', '2017-06-18 01:24:12'),
(6, 3, 1, '2017-06-18 01:26:15', '2017-06-18 01:26:19');

-- --------------------------------------------------------

--
-- Table structure for table `project_translations`
--

CREATE TABLE IF NOT EXISTS `project_translations` (
  `id` int(10) unsigned NOT NULL,
  `project_id` int(10) unsigned NOT NULL,
  `locale` varchar(255) COLLATE utf8_unicode_ci NOT NULL,
  `title` varchar(255) COLLATE utf8_unicode_ci NOT NULL,
  `slug` varchar(255) COLLATE utf8_unicode_ci NOT NULL,
  `client` varchar(255) COLLATE utf8_unicode_ci DEFAULT NULL,
  `periode` varchar(255) COLLATE utf8_unicode_ci DEFAULT NULL,
  `posted_on` datetime NOT NULL,
  `meta_title` varchar(255) COLLATE utf8_unicode_ci NOT NULL,
  `meta_description` varchar(255) COLLATE utf8_unicode_ci NOT NULL,
  `meta_keywords` varchar(255) COLLATE utf8_unicode_ci NOT NULL,
  `text` text COLLATE utf8_unicode_ci NOT NULL,
  `intro` text COLLATE utf8_unicode_ci NOT NULL,
  `status` varchar(140) COLLATE utf8_unicode_ci DEFAULT NULL,
  `place` varchar(140) COLLATE utf8_unicode_ci DEFAULT NULL,
  `gm_lat` varchar(255) COLLATE utf8_unicode_ci DEFAULT NULL,
  `gm_long` varchar(255) COLLATE utf8_unicode_ci DEFAULT NULL,
  `activity` varchar(255) COLLATE utf8_unicode_ci DEFAULT NULL,
  `contact_on_home` tinyint(1) NOT NULL,
  `contact_name` varchar(255) COLLATE utf8_unicode_ci NOT NULL,
  `contact_phone` varchar(255) COLLATE utf8_unicode_ci NOT NULL,
  `contact_email` varchar(255) COLLATE utf8_unicode_ci NOT NULL,
  `contact_link` varchar(255) COLLATE utf8_unicode_ci NOT NULL,
  `contact_image` varchar(255) COLLATE utf8_unicode_ci NOT NULL
) ENGINE=InnoDB AUTO_INCREMENT=11 DEFAULT CHARSET=utf8 COLLATE=utf8_unicode_ci;

--
-- Dumping data for table `project_translations`
--

INSERT INTO `project_translations` (`id`, `project_id`, `locale`, `title`, `slug`, `client`, `periode`, `posted_on`, `meta_title`, `meta_description`, `meta_keywords`, `text`, `intro`, `status`, `place`, `gm_lat`, `gm_long`, `activity`, `contact_on_home`, `contact_name`, `contact_phone`, `contact_email`, `contact_link`, `contact_image`) VALUES
(1, 2, 'nl', 'GSTAR', 'gstar', '', '', '2017-06-17 19:33:17', '', '', '', '', '<p>Informatie over projecten volgt.</p>\r\n', '', '', '', '', '', 0, '', '', '', '', ''),
(2, 2, 'en', 'GSTAR', 'gstar-1', '', '', '2017-06-17 19:33:17', '', '', '', '', '<p>Informatie over projecten volgt.</p>\r\n', '', '', '', '', '', 0, '', '', '', '', ''),
(3, 3, 'nl', 'testtt', 'testtt', '', '', '2017-06-17 19:34:43', '', '', '', '', '<p>testtt</p>\r\n', '', '', '', '', '', 0, '', '', '', '', ''),
(4, 3, 'en', 'testtt', 'testtt-1', '', '', '2017-06-17 19:34:43', '', '', '', '', '<p>testtt</p>\r\n', '', '', '', '', '', 0, '', '', '', '', ''),
(5, 4, 'nl', 'G-STAR', 'gstar-2', 'G-Star', 'Januari', '2017-06-17 09:52:51', '', '', '', '', '<p>Informatie over projecten volgt.</p>\r\n', 'Afgerond', '', '', '', '<p>Werkzaamheden</p>\r\n', 0, '', '', '', '', ''),
(6, 4, 'en', 'GSTAR', 'gstar-3', '', '', '2017-06-17 19:54:41', '', '', '', '', '<p>Informatie over projecten volgt.</p>\r\n', '', '', '', '', '', 0, '', '', '', '', ''),
(7, 5, 'nl', 'Project 2', 'project-2', '', '', '2017-06-17 21:18:34', '', '', '', '', '<p>Informatie over projecten volgt.</p>\r\n', '', '', '', '', '', 0, '', '', '', '', ''),
(8, 5, 'en', 'Project 2', 'project-2-1', '', '', '2017-06-17 20:24:06', '', '', '', '', '<p>Informatie over projecten volgt.</p>\r\n', '', '', '', '', '', 0, '', '', '', '', ''),
(9, 6, 'nl', 'ASCIS SHOP', 'ascis-shop', '', '', '2017-06-17 21:18:48', '', '', '', '', '<p>Informatie over projecten volgt.</p>\r\n', '', '', '', '', '', 0, '', '', '', '', ''),
(10, 6, 'en', 'ASCIS SHOP', 'ascis-shop-1', '', '', '2017-06-17 20:26:15', '', '', '', '', '<p>Informatie over projecten volgt.</p>\r\n', '', '', '', '', '', 0, '', '', '', '', '');

-- --------------------------------------------------------

--
-- Table structure for table `referenties`
--

CREATE TABLE IF NOT EXISTS `referenties` (
  `id` int(10) unsigned NOT NULL,
  `sequence` int(11) NOT NULL,
  `active` tinyint(4) NOT NULL,
  `created_at` timestamp NOT NULL DEFAULT '0000-00-00 00:00:00',
  `updated_at` timestamp NOT NULL DEFAULT '0000-00-00 00:00:00'
) ENGINE=InnoDB DEFAULT CHARSET=utf8 COLLATE=utf8_unicode_ci;

-- --------------------------------------------------------

--
-- Table structure for table `referenties_translations`
--

CREATE TABLE IF NOT EXISTS `referenties_translations` (
  `id` int(10) unsigned NOT NULL,
  `referenties_id` int(10) unsigned NOT NULL,
  `locale` varchar(255) COLLATE utf8_unicode_ci NOT NULL,
  `title` varchar(255) COLLATE utf8_unicode_ci NOT NULL,
  `slug` varchar(255) COLLATE utf8_unicode_ci NOT NULL,
  `text` text COLLATE utf8_unicode_ci NOT NULL,
  `name` varchar(255) COLLATE utf8_unicode_ci NOT NULL,
  `position` varchar(255) COLLATE utf8_unicode_ci NOT NULL,
  `rating` int(10) unsigned NOT NULL
) ENGINE=InnoDB DEFAULT CHARSET=utf8 COLLATE=utf8_unicode_ci;

-- --------------------------------------------------------

--
-- Table structure for table `roles`
--

CREATE TABLE IF NOT EXISTS `roles` (
  `id` int(10) unsigned NOT NULL,
  `name` varchar(255) COLLATE utf8_unicode_ci NOT NULL,
  `display_name` varchar(255) COLLATE utf8_unicode_ci DEFAULT NULL,
  `description` varchar(255) COLLATE utf8_unicode_ci DEFAULT NULL,
  `sequence` int(11) NOT NULL,
  `created_at` timestamp NOT NULL DEFAULT '0000-00-00 00:00:00',
  `updated_at` timestamp NOT NULL DEFAULT '0000-00-00 00:00:00'
) ENGINE=InnoDB AUTO_INCREMENT=4 DEFAULT CHARSET=utf8 COLLATE=utf8_unicode_ci;

--
-- Dumping data for table `roles`
--

INSERT INTO `roles` (`id`, `name`, `display_name`, `description`, `sequence`, `created_at`, `updated_at`) VALUES
(1, 'superadmin', 'Superadmin', 'The superadmin has all the rights in the system.', 1, '2016-03-01 21:27:07', '2016-03-01 21:27:07'),
(2, 'admin', 'Admin', '', 2, '2016-03-01 21:27:07', '2016-03-01 21:27:07'),
(3, 'editor', 'Editor', 'editor', 3, '2016-03-01 21:27:07', '2017-05-09 03:35:44');

-- --------------------------------------------------------

--
-- Table structure for table `role_user`
--

CREATE TABLE IF NOT EXISTS `role_user` (
  `user_id` int(10) unsigned NOT NULL,
  `role_id` int(10) unsigned NOT NULL
) ENGINE=InnoDB DEFAULT CHARSET=utf8 COLLATE=utf8_unicode_ci;

--
-- Dumping data for table `role_user`
--

INSERT INTO `role_user` (`user_id`, `role_id`) VALUES
(1, 1),
(2, 3),
(3, 3);

-- --------------------------------------------------------

--
-- Table structure for table `sessions`
--

CREATE TABLE IF NOT EXISTS `sessions` (
  `id` varchar(255) COLLATE utf8_unicode_ci NOT NULL,
  `payload` text COLLATE utf8_unicode_ci NOT NULL,
  `last_activity` int(11) NOT NULL
) ENGINE=InnoDB DEFAULT CHARSET=utf8 COLLATE=utf8_unicode_ci;

-- --------------------------------------------------------

--
-- Table structure for table `settings`
--

CREATE TABLE IF NOT EXISTS `settings` (
  `id` int(10) unsigned NOT NULL,
  `field` varchar(255) COLLATE utf8_unicode_ci NOT NULL,
  `value` varchar(255) COLLATE utf8_unicode_ci NOT NULL,
  `created_at` timestamp NOT NULL DEFAULT '0000-00-00 00:00:00',
  `updated_at` timestamp NOT NULL DEFAULT '0000-00-00 00:00:00'
) ENGINE=InnoDB AUTO_INCREMENT=26 DEFAULT CHARSET=utf8 COLLATE=utf8_unicode_ci;

--
-- Dumping data for table `settings`
--

INSERT INTO `settings` (`id`, `field`, `value`, `created_at`, `updated_at`) VALUES
(1, 'company', 'B-Kwadraat', '2016-03-01 21:27:07', '2017-07-04 13:34:32'),
(2, 'address', 'Protonweg 19', '2016-03-01 21:27:07', '2017-07-04 13:34:32'),
(3, 'zip_code', '1627 LD', '2016-03-01 21:27:07', '2017-07-04 13:34:32'),
(4, 'city', 'Hoorn', '2016-03-01 21:27:07', '2017-07-04 13:34:32'),
(5, 'email', 'tristan@ceesenco.com', '2016-03-01 21:27:07', '2017-07-17 13:36:59'),
(6, 'phone', '06 51322260', '2016-03-01 21:27:07', '2017-07-07 16:45:13'),
(7, 'mobile', '', '2016-03-01 21:27:07', '2017-07-07 16:36:12'),
(8, 'coc', '06-54204168', '2016-03-01 21:27:07', '2017-06-16 14:11:02'),
(9, 'vat', '', '2016-03-01 21:27:07', '2016-03-01 21:27:07'),
(10, 'ga_email', '', '2016-03-01 21:27:07', '2016-03-01 21:27:07'),
(11, 'ga_site_id', '118978417', '2016-03-01 21:27:07', '2017-07-17 13:27:23'),
(12, 'ga_tracking_id', 'UA-6905633-63', '2016-03-01 21:27:07', '2017-07-17 13:27:23'),
(13, 'ga_client_id', '', '2016-03-01 21:27:07', '2016-03-01 21:27:07'),
(14, 'gm_lat', '52.6411996', '2016-03-01 21:27:07', '2017-07-07 15:25:39'),
(15, 'gm_long', '5.0957388', '2016-03-01 21:27:07', '2017-07-07 15:25:39'),
(16, 'facebook', 'https://www.facebook.com/b-kwardat', '2016-03-01 21:27:07', '2017-07-07 16:36:42'),
(17, 'twitter', 'https://twitter.com/b-kwardat', '2016-03-01 21:27:07', '2017-06-16 14:16:35'),
(18, 'google', '', '2016-03-01 21:27:07', '2016-03-01 21:27:07'),
(19, 'youtube', 'https://www.youtube.com/channel/UCW6wlk-BeoiMXxVyJ6mhAiA', '2016-03-01 21:27:07', '2017-06-16 14:16:35'),
(20, 'instagram', 'http://instagram.com/b-kwardat', '0000-00-00 00:00:00', '2017-06-16 14:16:35'),
(21, 'linkedin', '', '0000-00-00 00:00:00', '0000-00-00 00:00:00'),
(22, 'message_404', '', '0000-00-00 00:00:00', '2016-03-04 22:44:44'),
(23, 'message_503', '', '0000-00-00 00:00:00', '0000-00-00 00:00:00'),
(24, 'pinterest', '', '0000-00-00 00:00:00', '2017-05-05 10:45:27'),
(25, 'website', 'bkwadraat.nl', '0000-00-00 00:00:00', '2017-07-05 23:15:56');

-- --------------------------------------------------------

--
-- Table structure for table `users`
--

CREATE TABLE IF NOT EXISTS `users` (
  `id` int(10) unsigned NOT NULL,
  `name` varchar(255) COLLATE utf8_unicode_ci NOT NULL,
  `surname` varchar(255) COLLATE utf8_unicode_ci NOT NULL,
  `company` varchar(255) COLLATE utf8_unicode_ci NOT NULL,
  `email` varchar(255) COLLATE utf8_unicode_ci NOT NULL,
  `password` varchar(60) COLLATE utf8_unicode_ci NOT NULL,
  `active` tinyint(4) NOT NULL,
  `sequence` int(11) NOT NULL,
  `remember_token` varchar(100) COLLATE utf8_unicode_ci DEFAULT NULL,
  `created_at` timestamp NOT NULL DEFAULT '0000-00-00 00:00:00',
  `updated_at` timestamp NOT NULL DEFAULT '0000-00-00 00:00:00',
  `deleted_at` timestamp NULL DEFAULT NULL
) ENGINE=InnoDB AUTO_INCREMENT=4 DEFAULT CHARSET=utf8 COLLATE=utf8_unicode_ci;

--
-- Dumping data for table `users`
--

INSERT INTO `users` (`id`, `name`, `surname`, `company`, `email`, `password`, `active`, `sequence`, `remember_token`, `created_at`, `updated_at`, `deleted_at`) VALUES
(1, 'Guus', 'Portegies', 'Cees & Co', 'info@ceesenco.com', '$2y$10$iah1D1mT9RE6ANsN7wyWY.3BzDIPox0ce2rM36318Cgb8qSGq0.16', 1, 2, '3WhelXGu9kPQ1Qiu4p5J6f9b96dmdk70qiTl9zBb2gVqo32YpB3WSW52yosw', '2016-03-01 21:27:07', '2017-06-18 01:19:36', NULL),
(2, 'wahyu', 'wahyu', 'dfd', 'wahyu_bunyu_jogja@yahoo.co.id', '$2y$10$iah1D1mT9RE6ANsN7wyWY.3BzDIPox0ce2rM36318Cgb8qSGq0.16', 1, 3, '945aHA0iFIEmM8YQnHkAnnnPwqzlaoEdK1rJbJZ4t0kJXM8w4fppsZC7VDef', '2017-03-07 16:32:30', '2017-03-07 16:34:08', NULL),
(3, 'user tester', 'tester', 'tester', 'wahyu_bunyu_jogja1@yahoo.co.id', '$2y$10$wKBAX90nDK.3XBORTNQKcuAfMLuQ8XuxlC.99HTAEO93LxAjIWz32', 1, 4, '99DSQR3Mwl0R1m5uksBSPHpzB7CHXAwsuDgHRm1EqQUW7pxHRpCXbv6DVgmF', '2017-05-09 03:32:30', '2017-05-09 03:36:31', NULL);

--
-- Indexes for dumped tables
--

--
-- Indexes for table `activity_log`
--
ALTER TABLE `activity_log`
  ADD PRIMARY KEY (`id`);

--
-- Indexes for table `attributes`
--
ALTER TABLE `attributes`
  ADD PRIMARY KEY (`id`), ADD KEY `attributes_name_index` (`name`), ADD KEY `attributes_active_index` (`active`);

--
-- Indexes for table `attribute_attribute_set`
--
ALTER TABLE `attribute_attribute_set`
  ADD PRIMARY KEY (`attribute_set_id`,`attribute_id`), ADD KEY `attribute_attribute_set_attribute_set_id_index` (`attribute_set_id`), ADD KEY `attribute_attribute_set_attribute_id_index` (`attribute_id`);

--
-- Indexes for table `attribute_product`
--
ALTER TABLE `attribute_product`
  ADD PRIMARY KEY (`attribute_id`,`product_id`), ADD KEY `attribute_product_attribute_id_index` (`attribute_id`), ADD KEY `attribute_product_product_id_index` (`product_id`);

--
-- Indexes for table `attribute_sets`
--
ALTER TABLE `attribute_sets`
  ADD PRIMARY KEY (`id`), ADD KEY `attribute_sets_active_index` (`active`);

--
-- Indexes for table `banners`
--
ALTER TABLE `banners`
  ADD PRIMARY KEY (`id`);

--
-- Indexes for table `banner_translations`
--
ALTER TABLE `banner_translations`
  ADD PRIMARY KEY (`id`), ADD UNIQUE KEY `banner_translations_banner_id_locale_unique` (`banner_id`,`locale`), ADD KEY `banner_translations_locale_index` (`locale`), ADD KEY `banner_translations_slug_index` (`slug`);

--
-- Indexes for table `blocks`
--
ALTER TABLE `blocks`
  ADD PRIMARY KEY (`id`), ADD KEY `blocks_active_index` (`active`);

--
-- Indexes for table `block_translations`
--
ALTER TABLE `block_translations`
  ADD PRIMARY KEY (`id`), ADD UNIQUE KEY `block_translations_block_id_locale_unique` (`block_id`,`locale`), ADD KEY `block_translations_locale_index` (`locale`), ADD KEY `block_translations_slug_index` (`slug`);

--
-- Indexes for table `categories`
--
ALTER TABLE `categories`
  ADD PRIMARY KEY (`id`), ADD KEY `categories_active_index` (`active`);

--
-- Indexes for table `category_product`
--
ALTER TABLE `category_product`
  ADD PRIMARY KEY (`category_id`,`product_id`), ADD KEY `category_product_category_id_index` (`category_id`), ADD KEY `category_product_product_id_index` (`product_id`);

--
-- Indexes for table `category_translations`
--
ALTER TABLE `category_translations`
  ADD PRIMARY KEY (`id`), ADD UNIQUE KEY `category_translations_category_id_locale_unique` (`category_id`,`locale`), ADD KEY `category_translations_locale_index` (`locale`), ADD KEY `category_translations_slug_index` (`slug`);

--
-- Indexes for table `images`
--
ALTER TABLE `images`
  ADD PRIMARY KEY (`id`), ADD KEY `images_active_index` (`active`);

--
-- Indexes for table `languages`
--
ALTER TABLE `languages`
  ADD PRIMARY KEY (`id`), ADD UNIQUE KEY `languages_code_unique` (`code`), ADD KEY `languages_active_index` (`active`);

--
-- Indexes for table `language_translations`
--
ALTER TABLE `language_translations`
  ADD PRIMARY KEY (`id`), ADD UNIQUE KEY `language_translations_language_id_locale_unique` (`language_id`,`locale`), ADD KEY `language_translations_locale_index` (`locale`);

--
-- Indexes for table `modules`
--
ALTER TABLE `modules`
  ADD PRIMARY KEY (`id`), ADD KEY `modules_name_index` (`name`), ADD KEY `modules_active_index` (`active`);

--
-- Indexes for table `news`
--
ALTER TABLE `news`
  ADD PRIMARY KEY (`id`), ADD KEY `news_active_index` (`active`);

--
-- Indexes for table `news_translations`
--
ALTER TABLE `news_translations`
  ADD PRIMARY KEY (`id`), ADD UNIQUE KEY `news_translations_news_id_locale_unique` (`news_id`,`locale`), ADD KEY `news_translations_locale_index` (`locale`), ADD KEY `news_translations_slug_index` (`slug`);

--
-- Indexes for table `pages`
--
ALTER TABLE `pages`
  ADD PRIMARY KEY (`id`), ADD KEY `pages_active_index` (`active`), ADD KEY `pages_parent_id_foreign` (`parent_id`);

--
-- Indexes for table `page_translations`
--
ALTER TABLE `page_translations`
  ADD PRIMARY KEY (`id`), ADD UNIQUE KEY `page_translations_page_id_locale_unique` (`page_id`,`locale`), ADD KEY `page_translations_locale_index` (`locale`), ADD KEY `page_translations_slug_index` (`slug`);

--
-- Indexes for table `password_resets`
--
ALTER TABLE `password_resets`
  ADD KEY `password_resets_email_index` (`email`), ADD KEY `password_resets_token_index` (`token`);

--
-- Indexes for table `permissions`
--
ALTER TABLE `permissions`
  ADD PRIMARY KEY (`id`), ADD UNIQUE KEY `permissions_name_unique` (`name`);

--
-- Indexes for table `permission_role`
--
ALTER TABLE `permission_role`
  ADD PRIMARY KEY (`permission_id`,`role_id`), ADD KEY `permission_role_role_id_foreign` (`role_id`);

--
-- Indexes for table `products`
--
ALTER TABLE `products`
  ADD PRIMARY KEY (`id`), ADD KEY `products_attribute_set_id_foreign` (`attribute_set_id`), ADD KEY `products_active_index` (`active`);

--
-- Indexes for table `product_translations`
--
ALTER TABLE `product_translations`
  ADD PRIMARY KEY (`id`), ADD UNIQUE KEY `product_translations_product_id_locale_unique` (`product_id`,`locale`), ADD KEY `product_translations_locale_index` (`locale`), ADD KEY `product_translations_slug_index` (`slug`);

--
-- Indexes for table `projects`
--
ALTER TABLE `projects`
  ADD PRIMARY KEY (`id`);

--
-- Indexes for table `project_translations`
--
ALTER TABLE `project_translations`
  ADD PRIMARY KEY (`id`);

--
-- Indexes for table `referenties`
--
ALTER TABLE `referenties`
  ADD PRIMARY KEY (`id`), ADD KEY `referenties_active_index` (`active`);

--
-- Indexes for table `referenties_translations`
--
ALTER TABLE `referenties_translations`
  ADD PRIMARY KEY (`id`), ADD UNIQUE KEY `referenties_translations_referentie_id_locale_unique` (`referenties_id`,`locale`), ADD KEY `referenties_translations_locale_index` (`locale`), ADD KEY `referenties_translations_slug_index` (`slug`);

--
-- Indexes for table `roles`
--
ALTER TABLE `roles`
  ADD PRIMARY KEY (`id`), ADD UNIQUE KEY `roles_name_unique` (`name`);

--
-- Indexes for table `role_user`
--
ALTER TABLE `role_user`
  ADD PRIMARY KEY (`user_id`,`role_id`), ADD KEY `role_user_role_id_foreign` (`role_id`);

--
-- Indexes for table `sessions`
--
ALTER TABLE `sessions`
  ADD UNIQUE KEY `sessions_id_unique` (`id`);

--
-- Indexes for table `settings`
--
ALTER TABLE `settings`
  ADD PRIMARY KEY (`id`), ADD KEY `settings_field_index` (`field`);

--
-- Indexes for table `users`
--
ALTER TABLE `users`
  ADD PRIMARY KEY (`id`), ADD UNIQUE KEY `users_email_unique` (`email`);

--
-- AUTO_INCREMENT for dumped tables
--

--
-- AUTO_INCREMENT for table `activity_log`
--
ALTER TABLE `activity_log`
  MODIFY `id` int(10) unsigned NOT NULL AUTO_INCREMENT,AUTO_INCREMENT=839;
--
-- AUTO_INCREMENT for table `attributes`
--
ALTER TABLE `attributes`
  MODIFY `id` int(10) unsigned NOT NULL AUTO_INCREMENT;
--
-- AUTO_INCREMENT for table `attribute_sets`
--
ALTER TABLE `attribute_sets`
  MODIFY `id` int(10) unsigned NOT NULL AUTO_INCREMENT;
--
-- AUTO_INCREMENT for table `banners`
--
ALTER TABLE `banners`
  MODIFY `id` int(10) unsigned NOT NULL AUTO_INCREMENT,AUTO_INCREMENT=2;
--
-- AUTO_INCREMENT for table `banner_translations`
--
ALTER TABLE `banner_translations`
  MODIFY `id` int(10) unsigned NOT NULL AUTO_INCREMENT,AUTO_INCREMENT=3;
--
-- AUTO_INCREMENT for table `blocks`
--
ALTER TABLE `blocks`
  MODIFY `id` int(10) unsigned NOT NULL AUTO_INCREMENT,AUTO_INCREMENT=18;
--
-- AUTO_INCREMENT for table `block_translations`
--
ALTER TABLE `block_translations`
  MODIFY `id` int(10) unsigned NOT NULL AUTO_INCREMENT,AUTO_INCREMENT=35;
--
-- AUTO_INCREMENT for table `categories`
--
ALTER TABLE `categories`
  MODIFY `id` int(10) unsigned NOT NULL AUTO_INCREMENT;
--
-- AUTO_INCREMENT for table `category_translations`
--
ALTER TABLE `category_translations`
  MODIFY `id` int(10) unsigned NOT NULL AUTO_INCREMENT;
--
-- AUTO_INCREMENT for table `images`
--
ALTER TABLE `images`
  MODIFY `id` int(10) unsigned NOT NULL AUTO_INCREMENT,AUTO_INCREMENT=49;
--
-- AUTO_INCREMENT for table `languages`
--
ALTER TABLE `languages`
  MODIFY `id` int(10) unsigned NOT NULL AUTO_INCREMENT,AUTO_INCREMENT=6;
--
-- AUTO_INCREMENT for table `language_translations`
--
ALTER TABLE `language_translations`
  MODIFY `id` int(10) unsigned NOT NULL AUTO_INCREMENT,AUTO_INCREMENT=26;
--
-- AUTO_INCREMENT for table `modules`
--
ALTER TABLE `modules`
  MODIFY `id` int(10) unsigned NOT NULL AUTO_INCREMENT,AUTO_INCREMENT=11;
--
-- AUTO_INCREMENT for table `news`
--
ALTER TABLE `news`
  MODIFY `id` int(10) unsigned NOT NULL AUTO_INCREMENT;
--
-- AUTO_INCREMENT for table `news_translations`
--
ALTER TABLE `news_translations`
  MODIFY `id` int(10) unsigned NOT NULL AUTO_INCREMENT;
--
-- AUTO_INCREMENT for table `pages`
--
ALTER TABLE `pages`
  MODIFY `id` int(10) unsigned NOT NULL AUTO_INCREMENT,AUTO_INCREMENT=15;
--
-- AUTO_INCREMENT for table `page_translations`
--
ALTER TABLE `page_translations`
  MODIFY `id` int(10) unsigned NOT NULL AUTO_INCREMENT,AUTO_INCREMENT=29;
--
-- AUTO_INCREMENT for table `permissions`
--
ALTER TABLE `permissions`
  MODIFY `id` int(10) unsigned NOT NULL AUTO_INCREMENT,AUTO_INCREMENT=67;
--
-- AUTO_INCREMENT for table `products`
--
ALTER TABLE `products`
  MODIFY `id` int(10) unsigned NOT NULL AUTO_INCREMENT;
--
-- AUTO_INCREMENT for table `product_translations`
--
ALTER TABLE `product_translations`
  MODIFY `id` int(10) unsigned NOT NULL AUTO_INCREMENT;
--
-- AUTO_INCREMENT for table `projects`
--
ALTER TABLE `projects`
  MODIFY `id` int(10) unsigned NOT NULL AUTO_INCREMENT,AUTO_INCREMENT=7;
--
-- AUTO_INCREMENT for table `project_translations`
--
ALTER TABLE `project_translations`
  MODIFY `id` int(10) unsigned NOT NULL AUTO_INCREMENT,AUTO_INCREMENT=11;
--
-- AUTO_INCREMENT for table `referenties`
--
ALTER TABLE `referenties`
  MODIFY `id` int(10) unsigned NOT NULL AUTO_INCREMENT;
--
-- AUTO_INCREMENT for table `referenties_translations`
--
ALTER TABLE `referenties_translations`
  MODIFY `id` int(10) unsigned NOT NULL AUTO_INCREMENT;
--
-- AUTO_INCREMENT for table `roles`
--
ALTER TABLE `roles`
  MODIFY `id` int(10) unsigned NOT NULL AUTO_INCREMENT,AUTO_INCREMENT=4;
--
-- AUTO_INCREMENT for table `settings`
--
ALTER TABLE `settings`
  MODIFY `id` int(10) unsigned NOT NULL AUTO_INCREMENT,AUTO_INCREMENT=26;
--
-- AUTO_INCREMENT for table `users`
--
ALTER TABLE `users`
  MODIFY `id` int(10) unsigned NOT NULL AUTO_INCREMENT,AUTO_INCREMENT=4;
--
-- Constraints for dumped tables
--

--
-- Constraints for table `attribute_attribute_set`
--
ALTER TABLE `attribute_attribute_set`
ADD CONSTRAINT `attribute_attribute_set_attribute_id_foreign` FOREIGN KEY (`attribute_id`) REFERENCES `attributes` (`id`) ON DELETE CASCADE,
ADD CONSTRAINT `attribute_attribute_set_attribute_set_id_foreign` FOREIGN KEY (`attribute_set_id`) REFERENCES `attribute_sets` (`id`) ON DELETE CASCADE;

--
-- Constraints for table `attribute_product`
--
ALTER TABLE `attribute_product`
ADD CONSTRAINT `attribute_product_attribute_id_foreign` FOREIGN KEY (`attribute_id`) REFERENCES `attributes` (`id`) ON DELETE CASCADE,
ADD CONSTRAINT `attribute_product_product_id_foreign` FOREIGN KEY (`product_id`) REFERENCES `products` (`id`) ON DELETE CASCADE;

--
-- Constraints for table `banner_translations`
--
ALTER TABLE `banner_translations`
ADD CONSTRAINT `banner_translations_banner_id_foreign` FOREIGN KEY (`banner_id`) REFERENCES `banners` (`id`);

--
-- Constraints for table `block_translations`
--
ALTER TABLE `block_translations`
ADD CONSTRAINT `block_translations_block_id_foreign` FOREIGN KEY (`block_id`) REFERENCES `blocks` (`id`) ON DELETE CASCADE;

--
-- Constraints for table `category_product`
--
ALTER TABLE `category_product`
ADD CONSTRAINT `category_product_category_id_foreign` FOREIGN KEY (`category_id`) REFERENCES `categories` (`id`) ON DELETE CASCADE,
ADD CONSTRAINT `category_product_product_id_foreign` FOREIGN KEY (`product_id`) REFERENCES `products` (`id`) ON DELETE CASCADE;

--
-- Constraints for table `category_translations`
--
ALTER TABLE `category_translations`
ADD CONSTRAINT `category_translations_category_id_foreign` FOREIGN KEY (`category_id`) REFERENCES `categories` (`id`) ON DELETE CASCADE;

--
-- Constraints for table `language_translations`
--
ALTER TABLE `language_translations`
ADD CONSTRAINT `language_translations_language_id_foreign` FOREIGN KEY (`language_id`) REFERENCES `languages` (`id`) ON DELETE CASCADE;

--
-- Constraints for table `news_translations`
--
ALTER TABLE `news_translations`
ADD CONSTRAINT `news_translations_news_id_foreign` FOREIGN KEY (`news_id`) REFERENCES `news` (`id`) ON DELETE CASCADE;

--
-- Constraints for table `pages`
--
ALTER TABLE `pages`
ADD CONSTRAINT `pages_parent_id_foreign` FOREIGN KEY (`parent_id`) REFERENCES `pages` (`id`) ON DELETE CASCADE;

--
-- Constraints for table `page_translations`
--
ALTER TABLE `page_translations`
ADD CONSTRAINT `page_translations_page_id_foreign` FOREIGN KEY (`page_id`) REFERENCES `pages` (`id`) ON DELETE CASCADE;

--
-- Constraints for table `permission_role`
--
ALTER TABLE `permission_role`
ADD CONSTRAINT `permission_role_permission_id_foreign` FOREIGN KEY (`permission_id`) REFERENCES `permissions` (`id`) ON DELETE CASCADE ON UPDATE CASCADE,
ADD CONSTRAINT `permission_role_role_id_foreign` FOREIGN KEY (`role_id`) REFERENCES `roles` (`id`) ON DELETE CASCADE ON UPDATE CASCADE;

--
-- Constraints for table `products`
--
ALTER TABLE `products`
ADD CONSTRAINT `products_attribute_set_id_foreign` FOREIGN KEY (`attribute_set_id`) REFERENCES `attribute_sets` (`id`) ON DELETE CASCADE;

--
-- Constraints for table `product_translations`
--
ALTER TABLE `product_translations`
ADD CONSTRAINT `product_translations_product_id_foreign` FOREIGN KEY (`product_id`) REFERENCES `products` (`id`) ON DELETE CASCADE;

--
-- Constraints for table `referenties_translations`
--
ALTER TABLE `referenties_translations`
ADD CONSTRAINT `referenties_translations_referentie_id_foreign` FOREIGN KEY (`referenties_id`) REFERENCES `referenties` (`id`) ON DELETE CASCADE;

--
-- Constraints for table `role_user`
--
ALTER TABLE `role_user`
ADD CONSTRAINT `role_user_role_id_foreign` FOREIGN KEY (`role_id`) REFERENCES `roles` (`id`) ON DELETE CASCADE ON UPDATE CASCADE,
ADD CONSTRAINT `role_user_user_id_foreign` FOREIGN KEY (`user_id`) REFERENCES `users` (`id`) ON DELETE CASCADE ON UPDATE CASCADE;

/*!40101 SET CHARACTER_SET_CLIENT=@OLD_CHARACTER_SET_CLIENT */;
/*!40101 SET CHARACTER_SET_RESULTS=@OLD_CHARACTER_SET_RESULTS */;
/*!40101 SET COLLATION_CONNECTION=@OLD_COLLATION_CONNECTION */;
